res_com;Station;Station suivante;Destination_1;Destination_2;;longitude station;latitude station;longitude station suivante;latitude station suivante
M1;LA DEFENSE;ESPLANADE DE LA DEFENSE;CHATEAU DE VINCENNES;;CHATEAU DE VINCENNES;2.2370180564;48.8921870764;2.24793243532;48.8886312178
M1;ESPLANADE DE LA DEFENSE;LA DEFENSE;LA DEFENSE;LA DEFENSE;;2.24793243532;48.8886312178;2.2370180564;48.8921870764
M1;ESPLANADE DE LA DEFENSE;PONT DE NEUILLY;CHATEAU DE VINCENNES;;CHATEAU DE VINCENNES;2.24793243532;48.8886312178;2.26051507789;48.8847082013
M1;PONT DE NEUILLY;ESPLANADE DE LA DEFENSE;LA DEFENSE;LA DEFENSE;;2.26051507789;48.8847082013;2.24793243532;48.8886312178
M1;PONT DE NEUILLY;LES SABLONS;CHATEAU DE VINCENNES;;CHATEAU DE VINCENNES;2.26051507789;48.8847082013;2.27168672105;48.8811915206
M1;LES SABLONS;PONT DE NEUILLY;LA DEFENSE;LA DEFENSE;;2.27168672105;48.8811915206;2.26051507789;48.8847082013
M1;LES SABLONS;PORTE MAILLOT;CHATEAU DE VINCENNES;;CHATEAU DE VINCENNES;2.27168672105;48.8811915206;2.28316224223;48.8775512518
M1;PORTE MAILLOT;LES SABLONS;LA DEFENSE;LA DEFENSE;;2.28316224223;48.8775512518;2.27168672105;48.8811915206
M1;PORTE MAILLOT;ARGENTINE;CHATEAU DE VINCENNES;;CHATEAU DE VINCENNES;2.28316224223;48.8775512518;2.28932258961;48.8755940499
M1;ARGENTINE;PORTE MAILLOT;LA DEFENSE;LA DEFENSE;;2.28932258961;48.8755940499;2.28316224223;48.8775512518
M1;ARGENTINE;CHARLES DE GAULLE ETOILE;CHATEAU DE VINCENNES;;CHATEAU DE VINCENNES;2.28932258961;48.8755940499;2.29590490608;48.8751498197
M1;CHARLES DE GAULLE ETOILE;ARGENTINE;LA DEFENSE;LA DEFENSE;;2.29590490608;48.8751498197;2.28932258961;48.8755940499
M1;CHARLES DE GAULLE ETOILE;GEORGE V;CHATEAU DE VINCENNES;;CHATEAU DE VINCENNES;2.29590490608;48.8751498197;2.30056045125;48.8720238095
M1;GEORGE V;CHARLES DE GAULLE ETOILE;LA DEFENSE;LA DEFENSE;;2.30056045125;48.8720238095;2.29590490608;48.8751498197
M1;GEORGE V;FRANKLIN ROOSEVELT;CHATEAU DE VINCENNES;;CHATEAU DE VINCENNES;2.30056045125;48.8720238095;2.30747079345;48.8698082202
M1;FRANKLIN ROOSEVELT;GEORGE V;LA DEFENSE;LA DEFENSE;;2.30747079345;48.8698082202;2.30056045125;48.8720238095
M1;FRANKLIN ROOSEVELT;CHAMPS ELYSEES CLEMENCEAU;CHATEAU DE VINCENNES;;CHATEAU DE VINCENNES;2.30747079345;48.8698082202;2.31354554995;48.8679053449
M1;CHAMPS ELYSEES CLEMENCEAU;FRANKLIN ROOSEVELT;LA DEFENSE;LA DEFENSE;;2.31354554995;48.8679053449;2.30747079345;48.8698082202
M1;CHAMPS ELYSEES CLEMENCEAU;CONCORDE;CHATEAU DE VINCENNES;;CHATEAU DE VINCENNES;2.31354554995;48.8679053449;2.32294341224;48.8662858046
M1;CONCORDE;CHAMPS ELYSEES CLEMENCEAU;LA DEFENSE;LA DEFENSE;;2.32294341224;48.8662858046;2.31354554995;48.8679053449
M1;CONCORDE;TUILERIES;CHATEAU DE VINCENNES;;CHATEAU DE VINCENNES;2.32294341224;48.8662858046;2.33012987711;48.8643437787
M1;TUILERIES;CONCORDE;LA DEFENSE;LA DEFENSE;;2.33012987711;48.8643437787;2.32294341224;48.8662858046
M1;TUILERIES;PALAIS ROYAL MUSEE DU LOUVRE;CHATEAU DE VINCENNES;;CHATEAU DE VINCENNES;2.33012987711;48.8643437787;2.33649646231;48.8623480308
M1;PALAIS ROYAL MUSEE DU LOUVRE;TUILERIES;LA DEFENSE;LA DEFENSE;;2.33649646231;48.8623480308;2.33012987711;48.8643437787
M1;PALAIS ROYAL MUSEE DU LOUVRE;LOUVRE RIVOLI;CHATEAU DE VINCENNES;;CHATEAU DE VINCENNES;2.33649646231;48.8623480308;2.34110859163;48.8608062913
M1;LOUVRE RIVOLI;PALAIS ROYAL MUSEE DU LOUVRE;LA DEFENSE;LA DEFENSE;;2.34110859163;48.8608062913;2.33649646231;48.8623480308
M1;LOUVRE RIVOLI;CHATELET;CHATEAU DE VINCENNES;;CHATEAU DE VINCENNES;2.34110859163;48.8608062913;2.34771187993;48.8570599663
M1;CHATELET;LOUVRE RIVOLI;LA DEFENSE;LA DEFENSE;;2.34771187993;48.8570599663;2.34110859163;48.8608062913
M1;CHATELET;HOTEL DE VILLE;CHATEAU DE VINCENNES;;CHATEAU DE VINCENNES;2.34771187993;48.8570599663;2.35157756299;48.8574779825
M1;HOTEL DE VILLE;CHATELET;LA DEFENSE;LA DEFENSE;;2.35157756299;48.8574779825;2.34771187993;48.8570599663
M1;HOTEL DE VILLE;ST PAUL;CHATEAU DE VINCENNES;;CHATEAU DE VINCENNES;2.35157756299;48.8574779825;2.36095648866;48.8552362528
M1;ST PAUL;HOTEL DE VILLE;LA DEFENSE;LA DEFENSE;;2.36095648866;48.8552362528;2.35157756299;48.8574779825
M1;ST PAUL;BASTILLE;CHATEAU DE VINCENNES;;CHATEAU DE VINCENNES;2.36095648866;48.8552362528;2.36932058493;48.8524794228
M1;BASTILLE;ST PAUL;LA DEFENSE;LA DEFENSE;;2.36932058493;48.8524794228;2.36095648866;48.8552362528
M1;BASTILLE;GARE DE LYON;CHATEAU DE VINCENNES;;CHATEAU DE VINCENNES;2.36932058493;48.8524794228;2.37301421994;48.843985582
M1;GARE DE LYON;BASTILLE;LA DEFENSE;LA DEFENSE;;2.37301421994;48.843985582;2.36932058493;48.8524794228
M1;GARE DE LYON;REUILLY DIDEROT;CHATEAU DE VINCENNES;;CHATEAU DE VINCENNES;2.37301421994;48.843985582;2.38634170635;48.8473037861
M1;REUILLY DIDEROT;GARE DE LYON;LA DEFENSE;LA DEFENSE;;2.38634170635;48.8473037861;2.37301421994;48.843985582
M1;REUILLY DIDEROT;NATION;CHATEAU DE VINCENNES;;CHATEAU DE VINCENNES;2.38634170635;48.8473037861;2.39546199483;48.8473748787
M1;NATION;REUILLY DIDEROT;LA DEFENSE;LA DEFENSE;;2.39546199483;48.8473748787;2.38634170635;48.8473037861
M1;NATION;PORTE DE VINCENNES;CHATEAU DE VINCENNES;;CHATEAU DE VINCENNES;2.39546199483;48.8473748787;2.41014036797;48.8471584794
M1;PORTE DE VINCENNES;NATION;LA DEFENSE;LA DEFENSE;;2.41014036797;48.8471584794;2.39546199483;48.8473748787
M1;PORTE DE VINCENNES;SAINT MANDE;CHATEAU DE VINCENNES;;CHATEAU DE VINCENNES;2.41014036797;48.8471584794;2.41947990037;48.8463569889
M1;SAINT MANDE;PORTE DE VINCENNES;LA DEFENSE;LA DEFENSE;;2.41947990037;48.8463569889;2.41014036797;48.8471584794
M1;SAINT MANDE;BERAULT;CHATEAU DE VINCENNES;;CHATEAU DE VINCENNES;2.41947990037;48.8463569889;2.42920516635;48.8454707076
M1;BERAULT;SAINT MANDE;LA DEFENSE;LA DEFENSE;;2.42920516635;48.8454707076;2.41947990037;48.8463569889
M1;BERAULT;CHATEAU DE VINCENNES;CHATEAU DE VINCENNES;;CHATEAU DE VINCENNES;2.42920516635;48.8454707076;2.44043997806;48.8444563946
M1;CHATEAU DE VINCENNES;BERAULT;LA DEFENSE;LA DEFENSE;;2.44043997806;48.8444563946;2.42920516635;48.8454707076
M10;BOULOGNE PONT DE ST CLOUD;BOULOGNE JEAN JAURES;GARE D'AUSTERLITZ;;GARE D'AUSTERLITZ;2.2285369815;48.8407450152;2.23888732579;48.8420053473
M10;BOULOGNE JEAN JAURES;BOULOGNE PONT DE ST CLOUD;BOULOGNE PONT DE ST CLOUD;BOULOGNE PONT DE ST CLOUD;;2.23888732579;48.8420053473;2.2285369815;48.8407450152
M10;BOULOGNE JEAN JAURES;MICHEL ANGE MOLITOR;GARE D'AUSTERLITZ;;GARE D'AUSTERLITZ;2.23888732579;48.8420053473;2.2616234924;48.8452475655
M10;MICHEL ANGE MOLITOR;CHARDON LAGACHE;GARE D'AUSTERLITZ;GARE D'AUSTERLITZ;;2.2616234924;48.8452475655;2.26644154308;48.8452047036
M10;CHARDON LAGACHE;MIRABEAU;GARE D'AUSTERLITZ;;GARE D'AUSTERLITZ;2.26644154308;48.8452047036;2.27276375332;48.8471310082
M10;MIRABEAU;JAVEL ANDRE CITROEN;GARE D'AUSTERLITZ;GARE D'AUSTERLITZ;;2.27276375332;48.8471310082;2.27771173983;48.8461236669
M10;JAVEL ANDRE CITROEN;CHARLES MICHELS;GARE D'AUSTERLITZ;;GARE D'AUSTERLITZ;2.27771173983;48.8461236669;2.28599922342;48.8465346367
M10;JAVEL ANDRE CITROEN;EGLISE D'AUTEUIL;BOULOGNE PONT DE ST CLOUD;BOULOGNE PONT DE ST CLOUD;;2.27771173983;48.8461236669;2.26913587273;48.8471500557
M10;EGLISE D'AUTEUIL;MICHEL ANGE AUTEUIL;BOULOGNE PONT DE ST CLOUD;;BOULOGNE PONT DE ST CLOUD;2.26913587273;48.8471500557;2.26421877705;48.8479348079
M10;MICHEL ANGE AUTEUIL;PORTE D'AUTEUIL;BOULOGNE PONT DE ST CLOUD;BOULOGNE PONT DE ST CLOUD;;2.26421877705;48.8479348079;2.25774468038;48.8479715406
M10;PORTE D'AUTEUIL;BOULOGNE JEAN JAURES;BOULOGNE PONT DE ST CLOUD;;BOULOGNE PONT DE ST CLOUD;2.25774468038;48.8479715406;2.23888732579;48.8420053473
M10;CHARLES MICHELS;JAVEL ANDRE CITROEN;BOULOGNE PONT DE ST CLOUD;BOULOGNE PONT DE ST CLOUD;;2.28599922342;48.8465346367;2.27771173983;48.8461236669
M10;CHARLES MICHELS;AVENUE EMILE ZOLA;GARE D'AUSTERLITZ;;GARE D'AUSTERLITZ;2.28599922342;48.8465346367;2.29542047803;48.8470195819
M10;AVENUE EMILE ZOLA;CHARLES MICHELS;BOULOGNE PONT DE ST CLOUD;BOULOGNE PONT DE ST CLOUD;;2.29542047803;48.8470195819;2.28599922342;48.8465346367
M10;AVENUE EMILE ZOLA;LA MOTTE PICQUET GRENELLE;GARE D'AUSTERLITZ;;GARE D'AUSTERLITZ;2.29542047803;48.8470195819;2.29830140173;48.8493505536
M10;LA MOTTE PICQUET GRENELLE;AVENUE EMILE ZOLA;BOULOGNE PONT DE ST CLOUD;BOULOGNE PONT DE ST CLOUD;;2.29830140173;48.8493505536;2.29542047803;48.8470195819
M10;LA MOTTE PICQUET GRENELLE;SEGUR;GARE D'AUSTERLITZ;;GARE D'AUSTERLITZ;2.29830140173;48.8493505536;2.30740224062;48.8470661332
M10;SEGUR;LA MOTTE PICQUET GRENELLE;BOULOGNE PONT DE ST CLOUD;BOULOGNE PONT DE ST CLOUD;;2.30740224062;48.8470661332;2.29830140173;48.8493505536
M10;SEGUR;DUROC;GARE D'AUSTERLITZ;;GARE D'AUSTERLITZ;2.30740224062;48.8470661332;2.31642435206;48.8470525545
M10;DUROC;SEGUR;BOULOGNE PONT DE ST CLOUD;BOULOGNE PONT DE ST CLOUD;;2.31642435206;48.8470525545;2.30740224062;48.8470661332
M10;DUROC;VANEAU;GARE D'AUSTERLITZ;;GARE D'AUSTERLITZ;2.31642435206;48.8470525545;2.32125786291;48.8488163725
M10;VANEAU;DUROC;BOULOGNE PONT DE ST CLOUD;BOULOGNE PONT DE ST CLOUD;;2.32125786291;48.8488163725;2.31642435206;48.8470525545
M10;VANEAU;SEVRES BABYLONE;GARE D'AUSTERLITZ;;GARE D'AUSTERLITZ;2.32125786291;48.8488163725;2.32648847397;48.8511923493
M10;SEVRES BABYLONE;VANEAU;BOULOGNE PONT DE ST CLOUD;BOULOGNE PONT DE ST CLOUD;;2.32648847397;48.8511923493;2.32125786291;48.8488163725
M10;SEVRES BABYLONE;MABILLON;GARE D'AUSTERLITZ;;GARE D'AUSTERLITZ;2.32648847397;48.8511923493;2.33550205309;48.8530167679
M10;MABILLON;SEVRES BABYLONE;BOULOGNE PONT DE ST CLOUD;BOULOGNE PONT DE ST CLOUD;;2.33550205309;48.8530167679;2.32648847397;48.8511923493
M10;MABILLON;ODEON;GARE D'AUSTERLITZ;;GARE D'AUSTERLITZ;2.33550205309;48.8530167679;2.33964633593;48.8521672611
M10;ODEON;MABILLON;BOULOGNE PONT DE ST CLOUD;BOULOGNE PONT DE ST CLOUD;;2.33964633593;48.8521672611;2.33550205309;48.8530167679
M10;ODEON;CLUNY LA SORBONNE;GARE D'AUSTERLITZ;;GARE D'AUSTERLITZ;2.33964633593;48.8521672611;2.34427334542;48.8510502823
M10;CLUNY LA SORBONNE;ODEON;BOULOGNE PONT DE ST CLOUD;BOULOGNE PONT DE ST CLOUD;;2.34427334542;48.8510502823;2.33964633593;48.8521672611
M10;CLUNY LA SORBONNE;MAUBERT MUTUALITE;GARE D'AUSTERLITZ;;GARE D'AUSTERLITZ;2.34427334542;48.8510502823;2.34805429048;48.8501273238
M10;MAUBERT MUTUALITE;CLUNY LA SORBONNE;BOULOGNE PONT DE ST CLOUD;BOULOGNE PONT DE ST CLOUD;;2.34805429048;48.8501273238;2.34427334542;48.8510502823
M10;MAUBERT MUTUALITE;CARDINAL LEMOINE;GARE D'AUSTERLITZ;;GARE D'AUSTERLITZ;2.34805429048;48.8501273238;2.35162325638;48.8466568513
M10;CARDINAL LEMOINE;MAUBERT MUTUALITE;BOULOGNE PONT DE ST CLOUD;BOULOGNE PONT DE ST CLOUD;;2.35162325638;48.8466568513;2.34805429048;48.8501273238
M10;CARDINAL LEMOINE;JUSSIEU;GARE D'AUSTERLITZ;;GARE D'AUSTERLITZ;2.35162325638;48.8466568513;2.35505026306;48.8459506666
M10;JUSSIEU;CARDINAL LEMOINE;BOULOGNE PONT DE ST CLOUD;BOULOGNE PONT DE ST CLOUD;;2.35505026306;48.8459506666;2.35162325638;48.8466568513
M10;JUSSIEU;GARE D'AUSTERLITZ;GARE D'AUSTERLITZ;;GARE D'AUSTERLITZ;2.35505026306;48.8459506666;2.365184812;48.842436797
M10;GARE D'AUSTERLITZ;JUSSIEU;BOULOGNE PONT DE ST CLOUD;BOULOGNE PONT DE ST CLOUD;;2.365184812;48.842436797;2.35505026306;48.8459506666
M10;PORTE D'AUTEUIL;MICHEL ANGE AUTEUIL;GARE D'AUSTERLITZ;;GARE D'AUSTERLITZ;2.25774468038;48.8479715406;2.26421877705;48.8479348079
M10;MICHEL ANGE AUTEUIL;PORTE D'AUTEUIL;BOULOGNE PONT DE ST CLOUD;BOULOGNE PONT DE ST CLOUD;;2.26421877705;48.8479348079;2.25774468038;48.8479715406
M10;MICHEL ANGE AUTEUIL;EGLISE D'AUTEUIL;GARE D'AUSTERLITZ;;GARE D'AUSTERLITZ;2.26421877705;48.8479348079;2.26913587273;48.8471500557
M10;EGLISE D'AUTEUIL;MICHEL ANGE AUTEUIL;BOULOGNE PONT DE ST CLOUD;BOULOGNE PONT DE ST CLOUD;;2.26913587273;48.8471500557;2.26421877705;48.8479348079
M11;CHATELET;HOTEL DE VILLE;MAIRIE DES LILAS;;MAIRIE DES LILAS;2.34771187993;48.8570599663;2.35157756299;48.8574779825
M11;HOTEL DE VILLE;CHATELET;CHATELET;CHATELET;;2.35157756299;48.8574779825;2.34771187993;48.8570599663
M11;HOTEL DE VILLE;RAMBUTEAU;MAIRIE DES LILAS;;MAIRIE DES LILAS;2.35157756299;48.8574779825;2.35349574013;48.8612049903
M11;RAMBUTEAU;HOTEL DE VILLE;CHATELET;CHATELET;;2.35349574013;48.8612049903;2.35157756299;48.8574779825
M11;RAMBUTEAU;ARTS ET METIERS;MAIRIE DES LILAS;;MAIRIE DES LILAS;2.35349574013;48.8612049903;2.35672986917;48.8653227117
M11;ARTS ET METIERS;RAMBUTEAU;CHATELET;CHATELET;;2.35672986917;48.8653227117;2.35349574013;48.8612049903
M11;ARTS ET METIERS;REPUBLIQUE;MAIRIE DES LILAS;;MAIRIE DES LILAS;2.35672986917;48.8653227117;2.36424799375;48.8670267876
M11;REPUBLIQUE;ARTS ET METIERS;CHATELET;CHATELET;;2.36424799375;48.8670267876;2.35672986917;48.8653227117
M11;REPUBLIQUE;GONCOURT;MAIRIE DES LILAS;;MAIRIE DES LILAS;2.36424799375;48.8670267876;2.37109483973;48.8699575127
M11;GONCOURT;REPUBLIQUE;CHATELET;CHATELET;;2.37109483973;48.8699575127;2.36424799375;48.8670267876
M11;GONCOURT;BELLEVILLE;MAIRIE DES LILAS;;MAIRIE DES LILAS;2.37109483973;48.8699575127;2.37659368274;48.8718487938
M11;BELLEVILLE;GONCOURT;CHATELET;CHATELET;;2.37659368274;48.8718487938;2.37109483973;48.8699575127
M11;BELLEVILLE;PYRENEES;MAIRIE DES LILAS;;MAIRIE DES LILAS;2.37659368274;48.8718487938;2.3853162151;48.8738818542
M11;PYRENEES;BELLEVILLE;CHATELET;CHATELET;;2.3853162151;48.8738818542;2.37659368274;48.8718487938
M11;PYRENEES;JOURDAIN;MAIRIE DES LILAS;;MAIRIE DES LILAS;2.3853162151;48.8738818542;2.38941503204;48.875111817
M11;JOURDAIN;PYRENEES;CHATELET;CHATELET;;2.38941503204;48.875111817;2.3853162151;48.8738818542
M11;JOURDAIN;PLACE DES FETES;MAIRIE DES LILAS;;MAIRIE DES LILAS;2.38941503204;48.875111817;2.39305609332;48.8768063892
M11;PLACE DES FETES;JOURDAIN;CHATELET;CHATELET;;2.39305609332;48.8768063892;2.38941503204;48.875111817
M11;PLACE DES FETES;TELEGRAPHE;MAIRIE DES LILAS;;MAIRIE DES LILAS;2.39305609332;48.8768063892;2.3988675939;48.8754744567
M11;TELEGRAPHE;PLACE DES FETES;CHATELET;CHATELET;;2.3988675939;48.8754744567;2.39305609332;48.8768063892
M11;TELEGRAPHE;PORTE DES LILAS;MAIRIE DES LILAS;;MAIRIE DES LILAS;2.3988675939;48.8754744567;2.40672924554;48.8771105118
M11;PORTE DES LILAS;TELEGRAPHE;CHATELET;CHATELET;;2.40672924554;48.8771105118;2.3988675939;48.8754744567
M11;PORTE DES LILAS;MAIRIE DES LILAS;MAIRIE DES LILAS;;MAIRIE DES LILAS;2.40672924554;48.8771105118;2.41647964367;48.879761254
M11;MAIRIE DES LILAS;PORTE DES LILAS;CHATELET;CHATELET;;2.41647964367;48.879761254;2.40672924554;48.8771105118
M12;FRONT POPULAIRE;PORTE DE LA CHAPELLE;MAIRIE D'ISSY;;MAIRIE D'ISSY;2.3659203194;48.906567146;2.35950786882;48.8972452881
M12;PORTE DE LA CHAPELLE;FRONT POPULAIRE;FRONT POPULAIRE;FRONT POPULAIRE;;2.35950786882;48.8972452881;2.3659203194;48.906567146
M12;PORTE DE LA CHAPELLE;MARX DORMOY;MAIRIE D'ISSY;;MAIRIE D'ISSY;2.35950786882;48.8972452881;2.35999576641;48.8904854538
M12;MARX DORMOY;PORTE DE LA CHAPELLE;FRONT POPULAIRE;FRONT POPULAIRE;;2.35999576641;48.8904854538;2.35950786882;48.8972452881
M12;MARX DORMOY;MARCADET POISSONNIERS;MAIRIE D'ISSY;;MAIRIE D'ISSY;2.35999576641;48.8904854538;2.34973840702;48.8914168342
M12;MARCADET POISSONNIERS;MARX DORMOY;FRONT POPULAIRE;FRONT POPULAIRE;;2.34973840702;48.8914168342;2.35999576641;48.8904854538
M12;MARCADET POISSONNIERS;JULES JOFFRIN;MAIRIE D'ISSY;;MAIRIE D'ISSY;2.34973840702;48.8914168342;2.34465700413;48.8924395905
M12;JULES JOFFRIN;MARCADET POISSONNIERS;FRONT POPULAIRE;FRONT POPULAIRE;;2.34465700413;48.8924395905;2.34973840702;48.8914168342
M12;JULES JOFFRIN;LAMARCK CAULAINCOURT;MAIRIE D'ISSY;;MAIRIE D'ISSY;2.34465700413;48.8924395905;2.3387606492;48.8896740712
M12;LAMARCK CAULAINCOURT;JULES JOFFRIN;FRONT POPULAIRE;FRONT POPULAIRE;;2.3387606492;48.8896740712;2.34465700413;48.8924395905
M12;LAMARCK CAULAINCOURT;ABBESSES;MAIRIE D'ISSY;;MAIRIE D'ISSY;2.3387606492;48.8896740712;2.33794977706;48.884594208
M12;ABBESSES;LAMARCK CAULAINCOURT;FRONT POPULAIRE;FRONT POPULAIRE;;2.33794977706;48.884594208;2.3387606492;48.8896740712
M12;ABBESSES;PIGALLE;MAIRIE D'ISSY;;MAIRIE D'ISSY;2.33794977706;48.884594208;2.33708168251;48.8825193856
M12;PIGALLE;ABBESSES;FRONT POPULAIRE;FRONT POPULAIRE;;2.33708168251;48.8825193856;2.33794977706;48.884594208
M12;PIGALLE;SAINT GEORGES;MAIRIE D'ISSY;;MAIRIE D'ISSY;2.33708168251;48.8825193856;2.33759508282;48.8784252576
M12;SAINT GEORGES;PIGALLE;FRONT POPULAIRE;FRONT POPULAIRE;;2.33759508282;48.8784252576;2.33708168251;48.8825193856
M12;SAINT GEORGES;NOTRE DAME DE LORETTE;MAIRIE D'ISSY;;MAIRIE D'ISSY;2.33759508282;48.8784252576;2.33788648907;48.8760262116
M12;NOTRE DAME DE LORETTE;SAINT GEORGES;FRONT POPULAIRE;FRONT POPULAIRE;;2.33788648907;48.8760262116;2.33759508282;48.8784252576
M12;NOTRE DAME DE LORETTE;TRINITE D'ESTIENNE D'ORVES;MAIRIE D'ISSY;;MAIRIE D'ISSY;2.33788648907;48.8760262116;2.3325430273;48.8763179623
M12;TRINITE D'ESTIENNE D'ORVES;NOTRE DAME DE LORETTE;FRONT POPULAIRE;FRONT POPULAIRE;;2.3325430273;48.8763179623;2.33788648907;48.8760262116
M12;TRINITE D'ESTIENNE D'ORVES;SAINT LAZARE;MAIRIE D'ISSY;;MAIRIE D'ISSY;2.3325430273;48.8763179623;2.32481828506;48.8753549577
M12;SAINT LAZARE;TRINITE D'ESTIENNE D'ORVES;FRONT POPULAIRE;FRONT POPULAIRE;;2.32481828506;48.8753549577;2.3325430273;48.8763179623
M12;SAINT LAZARE;MADELEINE;MAIRIE D'ISSY;;MAIRIE D'ISSY;2.32481828506;48.8753549577;2.32516410954;48.8700997328
M12;MADELEINE;SAINT LAZARE;FRONT POPULAIRE;FRONT POPULAIRE;;2.32516410954;48.8700997328;2.32481828506;48.8753549577
M12;MADELEINE;CONCORDE;MAIRIE D'ISSY;;MAIRIE D'ISSY;2.32516410954;48.8700997328;2.32294341224;48.8662858046
M12;CONCORDE;MADELEINE;FRONT POPULAIRE;FRONT POPULAIRE;;2.32294341224;48.8662858046;2.32516410954;48.8700997328
M12;CONCORDE;ASSEMBLEE NATIONALE;MAIRIE D'ISSY;;MAIRIE D'ISSY;2.32294341224;48.8662858046;2.32099819195;48.8607869635
M12;ASSEMBLEE NATIONALE;CONCORDE;FRONT POPULAIRE;FRONT POPULAIRE;;2.32099819195;48.8607869635;2.32294341224;48.8662858046
M12;ASSEMBLEE NATIONALE;SOLFERINO;MAIRIE D'ISSY;;MAIRIE D'ISSY;2.32099819195;48.8607869635;2.32315485584;48.8585111299
M12;SOLFERINO;ASSEMBLEE NATIONALE;FRONT POPULAIRE;FRONT POPULAIRE;;2.32315485584;48.8585111299;2.32099819195;48.8607869635
M12;SOLFERINO;RUE DU BAC;MAIRIE D'ISSY;;MAIRIE D'ISSY;2.32315485584;48.8585111299;2.32571242217;48.8555509402
M12;RUE DU BAC;SOLFERINO;FRONT POPULAIRE;FRONT POPULAIRE;;2.32571242217;48.8555509402;2.32315485584;48.8585111299
M12;RUE DU BAC;SEVRES BABYLONE;MAIRIE D'ISSY;;MAIRIE D'ISSY;2.32571242217;48.8555509402;2.32648847397;48.8511923493
M12;SEVRES BABYLONE;RUE DU BAC;FRONT POPULAIRE;FRONT POPULAIRE;;2.32648847397;48.8511923493;2.32571242217;48.8555509402
M12;SEVRES BABYLONE;RENNES;MAIRIE D'ISSY;;MAIRIE D'ISSY;2.32648847397;48.8511923493;2.32778212715;48.8484578485
M12;RENNES;SEVRES BABYLONE;FRONT POPULAIRE;FRONT POPULAIRE;;2.32778212715;48.8484578485;2.32648847397;48.8511923493
M12;RENNES;NOTRE DAME DES CHAMPS;MAIRIE D'ISSY;;MAIRIE D'ISSY;2.32778212715;48.8484578485;2.3287780269;48.8449426325
M12;NOTRE DAME DES CHAMPS;RENNES;FRONT POPULAIRE;FRONT POPULAIRE;;2.3287780269;48.8449426325;2.32778212715;48.8484578485
M12;NOTRE DAME DES CHAMPS;MONTPARNASSE BIENVENUE;MAIRIE D'ISSY;;MAIRIE D'ISSY;2.3287780269;48.8449426325;2.32435304116;48.8437354893
M12;MONTPARNASSE BIENVENUE;NOTRE DAME DES CHAMPS;FRONT POPULAIRE;FRONT POPULAIRE;;2.32435304116;48.8437354893;2.3287780269;48.8449426325
M12;MONTPARNASSE BIENVENUE;FALGUIERE;MAIRIE D'ISSY;;MAIRIE D'ISSY;2.32435304116;48.8437354893;2.31785278304;48.8444701413
M12;FALGUIERE;MONTPARNASSE BIENVENUE;FRONT POPULAIRE;FRONT POPULAIRE;;2.31785278304;48.8444701413;2.32435304116;48.8437354893
M12;FALGUIERE;PASTEUR;MAIRIE D'ISSY;;MAIRIE D'ISSY;2.31785278304;48.8444701413;2.31281277347;48.84267682
M12;PASTEUR;FALGUIERE;FRONT POPULAIRE;FRONT POPULAIRE;;2.31281277347;48.84267682;2.31785278304;48.8444701413
M12;PASTEUR;VOLONTAIRES;MAIRIE D'ISSY;;MAIRIE D'ISSY;2.31281277347;48.84267682;2.30794867934;48.8415055224
M12;VOLONTAIRES;PASTEUR;FRONT POPULAIRE;FRONT POPULAIRE;;2.30794867934;48.8415055224;2.31281277347;48.84267682
M12;VOLONTAIRES;VAUGIRARD;MAIRIE D'ISSY;;MAIRIE D'ISSY;2.30794867934;48.8415055224;2.30110751488;48.8395165854
M12;VAUGIRARD;VOLONTAIRES;FRONT POPULAIRE;FRONT POPULAIRE;;2.30110751488;48.8395165854;2.30794867934;48.8415055224
M12;VAUGIRARD;CONVENTION;MAIRIE D'ISSY;;MAIRIE D'ISSY;2.30110751488;48.8395165854;2.29663034323;48.8373074946
M12;CONVENTION;VAUGIRARD;FRONT POPULAIRE;FRONT POPULAIRE;;2.29663034323;48.8373074946;2.30110751488;48.8395165854
M12;CONVENTION;PORTE DE VERSAILLES;MAIRIE D'ISSY;;MAIRIE D'ISSY;2.29663034323;48.8373074946;2.2880221411;48.8324490991
M12;PORTE DE VERSAILLES;CONVENTION;FRONT POPULAIRE;FRONT POPULAIRE;;2.2880221411;48.8324490991;2.29663034323;48.8373074946
M12;PORTE DE VERSAILLES;CORENTIN CELTON;MAIRIE D'ISSY;;MAIRIE D'ISSY;2.2880221411;48.8324490991;2.27941168205;48.8270854489
M12;CORENTIN CELTON;PORTE DE VERSAILLES;FRONT POPULAIRE;FRONT POPULAIRE;;2.27941168205;48.8270854489;2.2880221411;48.8324490991
M12;CORENTIN CELTON;MAIRIE D'ISSY;MAIRIE D'ISSY;;MAIRIE D'ISSY;2.27941168205;48.8270854489;2.27304152514;48.8241050307
M12;MAIRIE D'ISSY;CORENTIN CELTON;FRONT POPULAIRE;FRONT POPULAIRE;;2.27304152514;48.8241050307;2.27941168205;48.8270854489
M13;SAINT DENIS UNIVERSITE;BASILIQUE DE ST DENIS;CHATILLON - MONTROUGE;;CHATILLON - MONTROUGE;2.36454176349;48.9458456578;2.35939826103;48.9365268526
M13;BASILIQUE DE ST DENIS;SAINT DENIS UNIVERSITE;SAINT DENIS UNIVERSITE;SAINT DENIS UNIVERSITE;;2.35939826103;48.9365268526;2.36454176349;48.9458456578
M13;BASILIQUE DE ST DENIS;SAINT DENIS PORTE DE PARIS;CHATILLON - MONTROUGE;;CHATILLON - MONTROUGE;2.35939826103;48.9365268526;2.35603579417;48.9299358897
M13;SAINT DENIS PORTE DE PARIS;BASILIQUE DE ST DENIS;SAINT DENIS UNIVERSITE;SAINT DENIS UNIVERSITE;;2.35603579417;48.9299358897;2.35939826103;48.9365268526
M13;SAINT DENIS PORTE DE PARIS;CARREFOUR PLEYEL;CHATILLON - MONTROUGE;;CHATILLON - MONTROUGE;2.35603579417;48.9299358897;2.34330593051;48.9195730741
M13;CARREFOUR PLEYEL;SAINT DENIS PORTE DE PARIS;SAINT DENIS UNIVERSITE;SAINT DENIS UNIVERSITE;;2.34330593051;48.9195730741;2.35603579417;48.9299358897
M13;CARREFOUR PLEYEL;MAIRIE DE SAINT OUEN;CHATILLON - MONTROUGE;;CHATILLON - MONTROUGE;2.34330593051;48.9195730741;2.33392489048;48.9119648979
M13;MAIRIE DE SAINT OUEN;CARREFOUR PLEYEL;SAINT DENIS UNIVERSITE;SAINT DENIS UNIVERSITE;;2.33392489048;48.9119648979;2.34330593051;48.9195730741
M13;MAIRIE DE SAINT OUEN;GARIBALDI;CHATILLON - MONTROUGE;;CHATILLON - MONTROUGE;2.33392489048;48.9119648979;2.33183083796;48.9060940502
M13;GARIBALDI;MAIRIE DE SAINT OUEN;SAINT DENIS UNIVERSITE;SAINT DENIS UNIVERSITE;;2.33183083796;48.9060940502;2.33392489048;48.9119648979
M13;GARIBALDI;PORTE DE SAINT OUEN;CHATILLON - MONTROUGE;;CHATILLON - MONTROUGE;2.33183083796;48.9060940502;2.32894281278;48.8973747955
M13;PORTE DE SAINT OUEN;GARIBALDI;SAINT DENIS UNIVERSITE;SAINT DENIS UNIVERSITE;;2.32894281278;48.8973747955;2.33183083796;48.9060940502
M13;PORTE DE SAINT OUEN;GUY MOQUET;CHATILLON - MONTROUGE;;CHATILLON - MONTROUGE;2.32894281278;48.8973747955;2.3274284585;48.8928288534
M13;GUY MOQUET;PORTE DE SAINT OUEN;SAINT DENIS UNIVERSITE;SAINT DENIS UNIVERSITE;;2.3274284585;48.8928288534;2.32894281278;48.8973747955
M13;GUY MOQUET;LA FOURCHE;CHATILLON - MONTROUGE;;CHATILLON - MONTROUGE;2.3274284585;48.8928288534;2.32577967481;48.8871839469
M13;LA FOURCHE;GUY MOQUET;SAINT DENIS UNIVERSITE;SAINT DENIS UNIVERSITE;;2.32577967481;48.8871839469;2.3274284585;48.8928288534
M13;LA FOURCHE;PLACE DE CLICHY;CHATILLON - MONTROUGE;;CHATILLON - MONTROUGE;2.32577967481;48.8871839469;2.32724341195;48.883804528
M13;PLACE DE CLICHY;LA FOURCHE;SAINT DENIS UNIVERSITE;SAINT DENIS UNIVERSITE;;2.32724341195;48.883804528;2.32577967481;48.8871839469
M13;PLACE DE CLICHY;LIEGE;CHATILLON - MONTROUGE;;CHATILLON - MONTROUGE;2.32724341195;48.883804528;2.32702220089;48.8796347607
M13;LIEGE;PLACE DE CLICHY;SAINT DENIS UNIVERSITE;SAINT DENIS UNIVERSITE;;2.32702220089;48.8796347607;2.32724341195;48.883804528
M13;LIEGE;SAINT LAZARE;CHATILLON - MONTROUGE;;CHATILLON - MONTROUGE;2.32702220089;48.8796347607;2.32481828506;48.8753549577
M13;SAINT LAZARE;LIEGE;SAINT DENIS UNIVERSITE;SAINT DENIS UNIVERSITE;;2.32481828506;48.8753549577;2.32702220089;48.8796347607
M13;SAINT LAZARE;MIROMESNIL;CHATILLON - MONTROUGE;;CHATILLON - MONTROUGE;2.32481828506;48.8753549577;2.31460632162;48.8737095277
M13;MIROMESNIL;SAINT LAZARE;SAINT DENIS UNIVERSITE;SAINT DENIS UNIVERSITE;;2.31460632162;48.8737095277;2.32481828506;48.8753549577
M13;MIROMESNIL;CHAMPS ELYSEES CLEMENCEAU;CHATILLON - MONTROUGE;;CHATILLON - MONTROUGE;2.31460632162;48.8737095277;2.31354554995;48.8679053449
M13;CHAMPS ELYSEES CLEMENCEAU;MIROMESNIL;SAINT DENIS UNIVERSITE;SAINT DENIS UNIVERSITE;;2.31354554995;48.8679053449;2.31460632162;48.8737095277
M13;CHAMPS ELYSEES CLEMENCEAU;INVALIDES;CHATILLON - MONTROUGE;;CHATILLON - MONTROUGE;2.31354554995;48.8679053449;2.31390957779;48.8623647041
M13;INVALIDES;CHAMPS ELYSEES CLEMENCEAU;SAINT DENIS UNIVERSITE;SAINT DENIS UNIVERSITE;;2.31390957779;48.8623647041;2.31354554995;48.8679053449
M13;INVALIDES;VARENNE;CHATILLON - MONTROUGE;;CHATILLON - MONTROUGE;2.31390957779;48.8623647041;2.31505663732;48.8568713792
M13;VARENNE;INVALIDES;SAINT DENIS UNIVERSITE;SAINT DENIS UNIVERSITE;;2.31505663732;48.8568713792;2.31390957779;48.8623647041
M13;VARENNE;ST FRANCOIS XAVIER;CHATILLON - MONTROUGE;;CHATILLON - MONTROUGE;2.31505663732;48.8568713792;2.3144081215;48.8514417056
M13;ST FRANCOIS XAVIER;VARENNE;SAINT DENIS UNIVERSITE;SAINT DENIS UNIVERSITE;;2.3144081215;48.8514417056;2.31505663732;48.8568713792
M13;ST FRANCOIS XAVIER;DUROC;CHATILLON - MONTROUGE;;CHATILLON - MONTROUGE;2.3144081215;48.8514417056;2.31642435206;48.8470525545
M13;DUROC;ST FRANCOIS XAVIER;SAINT DENIS UNIVERSITE;SAINT DENIS UNIVERSITE;;2.31642435206;48.8470525545;2.3144081215;48.8514417056
M13;DUROC;MONTPARNASSE BIENVENUE;CHATILLON - MONTROUGE;;CHATILLON - MONTROUGE;2.31642435206;48.8470525545;2.32435304116;48.8437354893
M13;MONTPARNASSE BIENVENUE;DUROC;SAINT DENIS UNIVERSITE;SAINT DENIS UNIVERSITE;;2.32435304116;48.8437354893;2.31642435206;48.8470525545
M13;MONTPARNASSE BIENVENUE;GAITE;CHATILLON - MONTROUGE;;CHATILLON - MONTROUGE;2.32435304116;48.8437354893;2.32249174982;48.8386316462
M13;GAITE;MONTPARNASSE BIENVENUE;SAINT DENIS UNIVERSITE;SAINT DENIS UNIVERSITE;;2.32249174982;48.8386316462;2.32435304116;48.8437354893
M13;GAITE;PERNETY;CHATILLON - MONTROUGE;;CHATILLON - MONTROUGE;2.32249174982;48.8386316462;2.31807828549;48.8339363927
M13;PERNETY;GAITE;SAINT DENIS UNIVERSITE;SAINT DENIS UNIVERSITE;;2.31807828549;48.8339363927;2.32249174982;48.8386316462
M13;PERNETY;PLAISANCE;CHATILLON - MONTROUGE;;CHATILLON - MONTROUGE;2.31807828549;48.8339363927;2.31412232347;48.8318256496
M13;PLAISANCE;PERNETY;SAINT DENIS UNIVERSITE;SAINT DENIS UNIVERSITE;;2.31412232347;48.8318256496;2.31807828549;48.8339363927
M13;PLAISANCE;PORTE DE VANVES;CHATILLON - MONTROUGE;;CHATILLON - MONTROUGE;2.31412232347;48.8318256496;2.30553466965;48.8277955435
M13;PORTE DE VANVES;PLAISANCE;SAINT DENIS UNIVERSITE;SAINT DENIS UNIVERSITE;;2.30553466965;48.8277955435;2.31412232347;48.8318256496
M13;PORTE DE VANVES;MALAKOFF PLATEAU DE VANVES;CHATILLON - MONTROUGE;;CHATILLON - MONTROUGE;2.30553466965;48.8277955435;2.29846419197;48.8225837068
M13;MALAKOFF PLATEAU DE VANVES;PORTE DE VANVES;SAINT DENIS UNIVERSITE;SAINT DENIS UNIVERSITE;;2.29846419197;48.8225837068;2.30553466965;48.8277955435
M13;MALAKOFF PLATEAU DE VANVES;MALAKOFF RUE ETIENNE DOLET;CHATILLON - MONTROUGE;;CHATILLON - MONTROUGE;2.29846419197;48.8225837068;2.29707779833;48.8153075312
M13;MALAKOFF RUE ETIENNE DOLET;MALAKOFF PLATEAU DE VANVES;SAINT DENIS UNIVERSITE;SAINT DENIS UNIVERSITE;;2.29707779833;48.8153075312;2.29846419197;48.8225837068
M13;MALAKOFF RUE ETIENNE DOLET;CHATILLON - MONTROUGE;CHATILLON - MONTROUGE;;CHATILLON - MONTROUGE;2.29707779833;48.8153075312;2.30167855546;48.8107464886
M13;CHATILLON - MONTROUGE;MALAKOFF RUE ETIENNE DOLET;SAINT DENIS UNIVERSITE;SAINT DENIS UNIVERSITE;;2.30167855546;48.8107464886;2.29707779833;48.8153075312
M13;ASNIERES GENNEVILLIERS LES COURTILLES;LES AGNETTES;CHATILLON - MONTROUGE;;CHATILLON - MONTROUGE;2.28417444828;48.9307570033;2.28627957753;48.9231037797
M13;LES AGNETTES;ASNIERES GENNEVILLIERS LES COURTILLES;LES COURTILLES;LES COURTILLES;;2.28627957753;48.9231037797;2.28417444828;48.9307570033
M13;LES AGNETTES;GABRIEL PERI;CHATILLON - MONTROUGE;;CHATILLON - MONTROUGE;2.28627957753;48.9231037797;2.2946851117;48.9163823099
M13;GABRIEL PERI;LES AGNETTES;LES COURTILLES;LES COURTILLES;;2.2946851117;48.9163823099;2.28627957753;48.9231037797
M13;GABRIEL PERI;MAIRIE DE CLICHY;CHATILLON - MONTROUGE;;CHATILLON - MONTROUGE;2.2946851117;48.9163823099;2.30592414987;48.9033300946
M13;MAIRIE DE CLICHY;GABRIEL PERI;LES COURTILLES;LES COURTILLES;;2.30592414987;48.9033300946;2.2946851117;48.9163823099
M13;MAIRIE DE CLICHY;PORTE DE CLICHY;CHATILLON - MONTROUGE;;CHATILLON - MONTROUGE;2.30592414987;48.9033300946;2.31377215877;48.8942522622
M13;PORTE DE CLICHY;MAIRIE DE CLICHY;LES COURTILLES;LES COURTILLES;;2.31377215877;48.8942522622;2.30592414987;48.9033300946
M13;PORTE DE CLICHY;BROCHANT;CHATILLON - MONTROUGE;;CHATILLON - MONTROUGE;2.31377215877;48.8942522622;2.32017475579;48.8905871866
M13;BROCHANT;PORTE DE CLICHY;LES COURTILLES;LES COURTILLES;;2.32017475579;48.8905871866;2.31377215877;48.8942522622
M13;BROCHANT;LA FOURCHE;CHATILLON - MONTROUGE;;CHATILLON - MONTROUGE;2.32017475579;48.8905871866;2.32577967481;48.8871839469
M13;LA FOURCHE;BROCHANT;LES COURTILLES;LES COURTILLES;;2.32577967481;48.8871839469;2.32017475579;48.8905871866
M14;SAINT LAZARE;MADELEINE;OLYMPIADES;;OLYMPIADES;2.32481828506;48.8753549577;2.32516410954;48.8700997328
M14;MADELEINE;SAINT LAZARE;SAINT LAZARE;SAINT LAZARE;;2.32516410954;48.8700997328;2.32481828506;48.8753549577
M14;MADELEINE;PYRAMIDES;OLYMPIADES;;OLYMPIADES;2.32516410954;48.8700997328;2.33418954197;48.8659067396
M14;PYRAMIDES;MADELEINE;SAINT LAZARE;SAINT LAZARE;;2.33418954197;48.8659067396;2.32516410954;48.8700997328
M14;PYRAMIDES;CHATELET;OLYMPIADES;;OLYMPIADES;2.33418954197;48.8659067396;2.34771187993;48.8570599663
M14;CHATELET;PYRAMIDES;SAINT LAZARE;SAINT LAZARE;;2.34771187993;48.8570599663;2.33418954197;48.8659067396
M14;CHATELET;GARE DE LYON;OLYMPIADES;;OLYMPIADES;2.34771187993;48.8570599663;2.37301421994;48.843985582
M14;GARE DE LYON;CHATELET;SAINT LAZARE;SAINT LAZARE;;2.37301421994;48.843985582;2.34771187993;48.8570599663
M14;GARE DE LYON;BERCY;OLYMPIADES;;OLYMPIADES;2.37301421994;48.843985582;2.37991127145;48.8403887481
M14;BERCY;GARE DE LYON;SAINT LAZARE;SAINT LAZARE;;2.37991127145;48.8403887481;2.37301421994;48.843985582
M14;BERCY;COUR SAINT EMILION;OLYMPIADES;;OLYMPIADES;2.37991127145;48.8403887481;2.38663240207;48.8333385593
M14;COUR SAINT EMILION;BERCY;SAINT LAZARE;SAINT LAZARE;;2.38663240207;48.8333385593;2.37991127145;48.8403887481
M14;COUR SAINT EMILION;BIBLIOTHEQUE FRANCOIS MITTERRAND;OLYMPIADES;;OLYMPIADES;2.38663240207;48.8333385593;2.37574814434;48.8299902817
M14;BIBLIOTHEQUE FRANCOIS MITTERRAND;COUR SAINT EMILION;SAINT LAZARE;SAINT LAZARE;;2.37574814434;48.8299902817;2.38663240207;48.8333385593
M14;BIBLIOTHEQUE FRANCOIS MITTERRAND;OLYMPIADES;OLYMPIADES;;OLYMPIADES;2.37574814434;48.8299902817;2.36803264776;48.827270836
M14;OLYMPIADES;BIBLIOTHEQUE FRANCOIS MITTERRAND;SAINT LAZARE;SAINT LAZARE;;2.36803264776;48.827270836;2.37574814434;48.8299902817
M2;PORTE DAUPHINE;VICTOR HUGO;NATION;;NATION;2.27708301705;48.8714665781;2.28533509469;48.8697985565
M2;VICTOR HUGO;PORTE DAUPHINE;PORTE DAUPHINE;PORTE DAUPHINE;;2.28533509469;48.8697985565;2.27708301705;48.8714665781
M2;VICTOR HUGO;CHARLES DE GAULLE ETOILE;NATION;;NATION;2.28533509469;48.8697985565;2.29590490608;48.8751498197
M2;CHARLES DE GAULLE ETOILE;VICTOR HUGO;PORTE DAUPHINE;PORTE DAUPHINE;;2.29590490608;48.8751498197;2.28533509469;48.8697985565
M2;CHARLES DE GAULLE ETOILE;TERNES;NATION;;NATION;2.29590490608;48.8751498197;2.29831037512;48.8779727014
M2;TERNES;CHARLES DE GAULLE ETOILE;PORTE DAUPHINE;PORTE DAUPHINE;;2.29831037512;48.8779727014;2.29590490608;48.8751498197
M2;TERNES;COURCELLES;NATION;;NATION;2.29831037512;48.8779727014;2.30352872537;48.8792141342
M2;COURCELLES;TERNES;PORTE DAUPHINE;PORTE DAUPHINE;;2.30352872537;48.8792141342;2.29831037512;48.8779727014
M2;COURCELLES;MONCEAU;NATION;;NATION;2.30352872537;48.8792141342;2.30945116799;48.8804494561
M2;MONCEAU;COURCELLES;PORTE DAUPHINE;PORTE DAUPHINE;;2.30945116799;48.8804494561;2.30352872537;48.8792141342
M2;MONCEAU;VILLIERS;NATION;;NATION;2.30945116799;48.8804494561;2.31517662622;48.8811500285
M2;VILLIERS;MONCEAU;PORTE DAUPHINE;PORTE DAUPHINE;;2.31517662622;48.8811500285;2.30945116799;48.8804494561
M2;VILLIERS;ROME;NATION;;NATION;2.31517662622;48.8811500285;2.32127492677;48.8822269008
M2;ROME;VILLIERS;PORTE DAUPHINE;PORTE DAUPHINE;;2.32127492677;48.8822269008;2.31517662622;48.8811500285
M2;ROME;PLACE DE CLICHY;NATION;;NATION;2.32127492677;48.8822269008;2.32724341195;48.883804528
M2;PLACE DE CLICHY;ROME;PORTE DAUPHINE;PORTE DAUPHINE;;2.32724341195;48.883804528;2.32127492677;48.8822269008
M2;PLACE DE CLICHY;BLANCHE;NATION;;NATION;2.32724341195;48.883804528;2.33192659089;48.8839585735
M2;BLANCHE;PLACE DE CLICHY;PORTE DAUPHINE;PORTE DAUPHINE;;2.33192659089;48.8839585735;2.32724341195;48.883804528
M2;BLANCHE;PIGALLE;NATION;;NATION;2.33192659089;48.8839585735;2.33708168251;48.8825193856
M2;PIGALLE;BLANCHE;PORTE DAUPHINE;PORTE DAUPHINE;;2.33708168251;48.8825193856;2.33192659089;48.8839585735
M2;PIGALLE;ANVERS;NATION;;NATION;2.33708168251;48.8825193856;2.34413063372;48.8828686476
M2;ANVERS;PIGALLE;PORTE DAUPHINE;PORTE DAUPHINE;;2.34413063372;48.8828686476;2.33708168251;48.8825193856
M2;ANVERS;BARBES ROCHECHOUART;NATION;;NATION;2.34413063372;48.8828686476;2.35061300069;48.8838039424
M2;BARBES ROCHECHOUART;ANVERS;PORTE DAUPHINE;PORTE DAUPHINE;;2.35061300069;48.8838039424;2.34413063372;48.8828686476
M2;BARBES ROCHECHOUART;LA CHAPELLE;NATION;;NATION;2.35061300069;48.8838039424;2.36049131853;48.8843987952
M2;LA CHAPELLE;BARBES ROCHECHOUART;PORTE DAUPHINE;PORTE DAUPHINE;;2.36049131853;48.8843987952;2.35061300069;48.8838039424
M2;LA CHAPELLE;STALINGRAD;NATION;;NATION;2.36049131853;48.8843987952;2.36589381994;48.8844208864
M2;STALINGRAD;LA CHAPELLE;PORTE DAUPHINE;PORTE DAUPHINE;;2.36589381994;48.8844208864;2.36049131853;48.8843987952
M2;STALINGRAD;JAURES;NATION;;NATION;2.36589381994;48.8844208864;2.37026212666;48.8814985959
M2;JAURES;STALINGRAD;PORTE DAUPHINE;PORTE DAUPHINE;;2.37026212666;48.8814985959;2.36589381994;48.8844208864
M2;JAURES;COLONEL FABIEN;NATION;;NATION;2.37026212666;48.8814985959;2.37081139531;48.8776101874
M2;COLONEL FABIEN;JAURES;PORTE DAUPHINE;PORTE DAUPHINE;;2.37081139531;48.8776101874;2.37026212666;48.8814985959
M2;COLONEL FABIEN;BELLEVILLE;NATION;;NATION;2.37081139531;48.8776101874;2.37659368274;48.8718487938
M2;BELLEVILLE;COLONEL FABIEN;PORTE DAUPHINE;PORTE DAUPHINE;;2.37659368274;48.8718487938;2.37081139531;48.8776101874
M2;BELLEVILLE;COURONNES;NATION;;NATION;2.37659368274;48.8718487938;2.38054258599;48.8690911629
M2;COURONNES;BELLEVILLE;PORTE DAUPHINE;PORTE DAUPHINE;;2.38054258599;48.8690911629;2.37659368274;48.8718487938
M2;COURONNES;MENILMONTANT;NATION;;NATION;2.38054258599;48.8690911629;2.38338325046;48.8668000351
M2;MENILMONTANT;COURONNES;PORTE DAUPHINE;PORTE DAUPHINE;;2.38338325046;48.8668000351;2.38054258599;48.8690911629
M2;MENILMONTANT;PERE LACHAISE;NATION;;NATION;2.38338325046;48.8668000351;2.38760728815;48.8626540191
M2;PERE LACHAISE;MENILMONTANT;PORTE DAUPHINE;PORTE DAUPHINE;;2.38760728815;48.8626540191;2.38338325046;48.8668000351
M2;PERE LACHAISE;PHILIPPE AUGUSTE;NATION;;NATION;2.38760728815;48.8626540191;2.38972985235;48.8584665494
M2;PHILIPPE AUGUSTE;PERE LACHAISE;PORTE DAUPHINE;PORTE DAUPHINE;;2.38972985235;48.8584665494;2.38760728815;48.8626540191
M2;PHILIPPE AUGUSTE;ALEXANDRE DUMAS;NATION;;NATION;2.38972985235;48.8584665494;2.39456194456;48.8563773572
M2;ALEXANDRE DUMAS;PHILIPPE AUGUSTE;PORTE DAUPHINE;PORTE DAUPHINE;;2.39456194456;48.8563773572;2.38972985235;48.8584665494
M2;ALEXANDRE DUMAS;AVRON;NATION;;NATION;2.39456194456;48.8563773572;2.39830234427;48.8515102782
M2;AVRON;ALEXANDRE DUMAS;PORTE DAUPHINE;PORTE DAUPHINE;;2.39830234427;48.8515102782;2.39456194456;48.8563773572
M2;AVRON;NATION;NATION;;NATION;2.39830234427;48.8515102782;2.39546199483;48.8473748787
M2;NATION;AVRON;PORTE DAUPHINE;PORTE DAUPHINE;;2.39546199483;48.8473748787;2.39830234427;48.8515102782
M3;PONT DE LEVALLOIS BECON;ANATOLE FRANCE;GALLIENI;;GALLIENI;2.27980958669;48.8978210671;2.28500950275;48.892082786
M3;ANATOLE FRANCE;PONT DE LEVALLOIS BECON;PONT DE LEVALLOIS BECON;PONT DE LEVALLOIS BECON;;2.28500950275;48.892082786;2.27980958669;48.8978210671
M3;ANATOLE FRANCE;LOUISE MICHEL;GALLIENI;;GALLIENI;2.28500950275;48.892082786;2.28808363305;48.8887060198
M3;LOUISE MICHEL;ANATOLE FRANCE;PONT DE LEVALLOIS BECON;PONT DE LEVALLOIS BECON;;2.28808363305;48.8887060198;2.28500950275;48.892082786
M3;LOUISE MICHEL;PORTE DE CHAMPERRET;GALLIENI;;GALLIENI;2.28808363305;48.8887060198;2.2925823141;48.8857931052
M3;PORTE DE CHAMPERRET;LOUISE MICHEL;PONT DE LEVALLOIS BECON;PONT DE LEVALLOIS BECON;;2.2925823141;48.8857931052;2.28808363305;48.8887060198
M3;PORTE DE CHAMPERRET;PEREIRE LEVALLOIS;GALLIENI;;GALLIENI;2.2925823141;48.8857931052;2.29772434648;48.8848962552
M3;PEREIRE LEVALLOIS;PORTE DE CHAMPERRET;PONT DE LEVALLOIS BECON;PONT DE LEVALLOIS BECON;;2.29772434648;48.8848962552;2.2925823141;48.8857931052
M3;PEREIRE LEVALLOIS;WAGRAM;GALLIENI;;GALLIENI;2.29772434648;48.8848962552;2.30467444053;48.8838092012
M3;WAGRAM;PEREIRE LEVALLOIS;PONT DE LEVALLOIS BECON;PONT DE LEVALLOIS BECON;;2.30467444053;48.8838092012;2.29772434648;48.8848962552
M3;WAGRAM;MALESHERBES;GALLIENI;;GALLIENI;2.30467444053;48.8838092012;2.30905226455;48.8828919175
M3;MALESHERBES;WAGRAM;PONT DE LEVALLOIS BECON;PONT DE LEVALLOIS BECON;;2.30905226455;48.8828919175;2.30467444053;48.8838092012
M3;MALESHERBES;VILLIERS;GALLIENI;;GALLIENI;2.30905226455;48.8828919175;2.31517662622;48.8811500285
M3;VILLIERS;MALESHERBES;PONT DE LEVALLOIS BECON;PONT DE LEVALLOIS BECON;;2.31517662622;48.8811500285;2.30905226455;48.8828919175
M3;VILLIERS;EUROPE;GALLIENI;;GALLIENI;2.31517662622;48.8811500285;2.32226521312;48.8787703685
M3;EUROPE;VILLIERS;PONT DE LEVALLOIS BECON;PONT DE LEVALLOIS BECON;;2.32226521312;48.8787703685;2.31517662622;48.8811500285
M3;EUROPE;SAINT LAZARE;GALLIENI;;GALLIENI;2.32226521312;48.8787703685;2.32481828506;48.8753549577
M3;SAINT LAZARE;EUROPE;PONT DE LEVALLOIS BECON;PONT DE LEVALLOIS BECON;;2.32481828506;48.8753549577;2.32226521312;48.8787703685
M3;SAINT LAZARE;HAVRE CAUMARTIN;GALLIENI;;GALLIENI;2.32481828506;48.8753549577;2.32769540963;48.8737134067
M3;HAVRE CAUMARTIN;SAINT LAZARE;PONT DE LEVALLOIS BECON;PONT DE LEVALLOIS BECON;;2.32769540963;48.8737134067;2.32481828506;48.8753549577
M3;HAVRE CAUMARTIN;OPERA;GALLIENI;;GALLIENI;2.32769540963;48.8737134067;2.33240740643;48.8704867033
M3;OPERA;HAVRE CAUMARTIN;PONT DE LEVALLOIS BECON;PONT DE LEVALLOIS BECON;;2.33240740643;48.8704867033;2.32769540963;48.8737134067
M3;OPERA;QUATRE SEPTEMBRE;GALLIENI;;GALLIENI;2.33240740643;48.8704867033;2.33621884752;48.8695852435
M3;QUATRE SEPTEMBRE;OPERA;PONT DE LEVALLOIS BECON;PONT DE LEVALLOIS BECON;;2.33621884752;48.8695852435;2.33240740643;48.8704867033
M3;QUATRE SEPTEMBRE;BOURSE;GALLIENI;;GALLIENI;2.33621884752;48.8695852435;2.34072072367;48.8686959778
M3;BOURSE;QUATRE SEPTEMBRE;PONT DE LEVALLOIS BECON;PONT DE LEVALLOIS BECON;;2.34072072367;48.8686959778;2.33621884752;48.8695852435
M3;BOURSE;SENTIER;GALLIENI;;GALLIENI;2.34072072367;48.8686959778;2.34751621328;48.867309475
M3;SENTIER;BOURSE;PONT DE LEVALLOIS BECON;PONT DE LEVALLOIS BECON;;2.34751621328;48.867309475;2.34072072367;48.8686959778
M3;SENTIER;REAUMUR SEBASTOPOL;GALLIENI;;GALLIENI;2.34751621328;48.867309475;2.35206831805;48.8663402993
M3;REAUMUR SEBASTOPOL;SENTIER;PONT DE LEVALLOIS BECON;PONT DE LEVALLOIS BECON;;2.35206831805;48.8663402993;2.34751621328;48.867309475
M3;REAUMUR SEBASTOPOL;ARTS ET METIERS;GALLIENI;;GALLIENI;2.35206831805;48.8663402993;2.35672986917;48.8653227117
M3;ARTS ET METIERS;REAUMUR SEBASTOPOL;PONT DE LEVALLOIS BECON;PONT DE LEVALLOIS BECON;;2.35672986917;48.8653227117;2.35206831805;48.8663402993
M3;ARTS ET METIERS;TEMPLE;GALLIENI;;GALLIENI;2.35672986917;48.8653227117;2.36154153207;48.8666826802
M3;TEMPLE;ARTS ET METIERS;PONT DE LEVALLOIS BECON;PONT DE LEVALLOIS BECON;;2.36154153207;48.8666826802;2.35672986917;48.8653227117
M3;TEMPLE;REPUBLIQUE;GALLIENI;;GALLIENI;2.36154153207;48.8666826802;2.36424799375;48.8670267876
M3;REPUBLIQUE;TEMPLE;PONT DE LEVALLOIS BECON;PONT DE LEVALLOIS BECON;;2.36424799375;48.8670267876;2.36154153207;48.8666826802
M3;REPUBLIQUE;PARMENTIER;GALLIENI;;GALLIENI;2.36424799375;48.8670267876;2.37458197;48.8652537861
M3;PARMENTIER;REPUBLIQUE;PONT DE LEVALLOIS BECON;PONT DE LEVALLOIS BECON;;2.37458197;48.8652537861;2.36424799375;48.8670267876
M3;PARMENTIER;RUE SAINT MAUR;GALLIENI;;GALLIENI;2.37458197;48.8652537861;2.38079798618;48.8640865748
M3;RUE SAINT MAUR;PARMENTIER;PONT DE LEVALLOIS BECON;PONT DE LEVALLOIS BECON;;2.38079798618;48.8640865748;2.37458197;48.8652537861
M3;RUE SAINT MAUR;PERE LACHAISE;GALLIENI;;GALLIENI;2.38079798618;48.8640865748;2.38760728815;48.8626540191
M3;PERE LACHAISE;RUE SAINT MAUR;PONT DE LEVALLOIS BECON;PONT DE LEVALLOIS BECON;;2.38760728815;48.8626540191;2.38079798618;48.8640865748
M3;PERE LACHAISE;GAMBETTA;GALLIENI;;GALLIENI;2.38760728815;48.8626540191;2.39898444025;48.8649166851
M3;GAMBETTA;PERE LACHAISE;PONT DE LEVALLOIS BECON;PONT DE LEVALLOIS BECON;;2.39898444025;48.8649166851;2.38760728815;48.8626540191
M3;GAMBETTA;PORTE DE BAGNOLET;GALLIENI;;GALLIENI;2.39898444025;48.8649166851;2.40803103708;48.8646003734
M3;PORTE DE BAGNOLET;GAMBETTA;PONT DE LEVALLOIS BECON;PONT DE LEVALLOIS BECON;;2.40803103708;48.8646003734;2.39898444025;48.8649166851
M3;PORTE DE BAGNOLET;GALLIENI;GALLIENI;;GALLIENI;2.40803103708;48.8646003734;2.41669727286;48.8653353173
M3;GALLIENI;PORTE DE BAGNOLET;PONT DE LEVALLOIS BECON;PONT DE LEVALLOIS BECON;;2.41669727286;48.8653353173;2.40803103708;48.8646003734
M3 bis;PORTE DES LILAS;SAINT FARGEAU;GAMBETTA;;GAMBETTA;2.40672924554;48.8771105118;2.40451494238;48.8721014421
M3 bis;SAINT FARGEAU;PORTE DES LILAS;PORTE DES LILAS;PORTE DES LILAS;;2.40451494238;48.8721014421;2.40672924554;48.8771105118
M3 bis;SAINT FARGEAU;PELLEPORT;GAMBETTA;;GAMBETTA;2.40451494238;48.8721014421;2.40156171274;48.8684401633
M3 bis;PELLEPORT;SAINT FARGEAU;PORTE DES LILAS;PORTE DES LILAS;;2.40156171274;48.8684401633;2.40451494238;48.8721014421
M3 bis;PELLEPORT;GAMBETTA;GAMBETTA;;GAMBETTA;2.40156171274;48.8684401633;2.39898444025;48.8649166851
M3 bis;GAMBETTA;PELLEPORT;PORTE DES LILAS;PORTE DES LILAS;;2.39898444025;48.8649166851;2.40156171274;48.8684401633
M4;PORTE DE CLIGNANCOURT;SIMPLON;MAIRIE DE MONTROUGE;;MAIRIE DE MONTROUGE;2.34484774875;48.8974022229;2.34776550172;48.893941388
M4;SIMPLON;PORTE DE CLIGNANCOURT;PORTE DE CLIGNANCOURT;PORTE DE CLIGNANCOURT;;2.34776550172;48.893941388;2.34484774875;48.8974022229
M4;SIMPLON;MARCADET POISSONNIERS;MAIRIE DE MONTROUGE;;MAIRIE DE MONTROUGE;2.34776550172;48.893941388;2.34973840702;48.8914168342
M4;MARCADET POISSONNIERS;SIMPLON;PORTE DE CLIGNANCOURT;PORTE DE CLIGNANCOURT;;2.34973840702;48.8914168342;2.34776550172;48.893941388
M4;MARCADET POISSONNIERS;CHATEAU ROUGE;MAIRIE DE MONTROUGE;;MAIRIE DE MONTROUGE;2.34973840702;48.8914168342;2.3496940822;48.8873749106
M4;CHATEAU ROUGE;MARCADET POISSONNIERS;PORTE DE CLIGNANCOURT;PORTE DE CLIGNANCOURT;;2.3496940822;48.8873749106;2.34973840702;48.8914168342
M4;CHATEAU ROUGE;BARBES ROCHECHOUART;MAIRIE DE MONTROUGE;;MAIRIE DE MONTROUGE;2.3496940822;48.8873749106;2.35061300069;48.8838039424
M4;BARBES ROCHECHOUART;CHATEAU ROUGE;PORTE DE CLIGNANCOURT;PORTE DE CLIGNANCOURT;;2.35061300069;48.8838039424;2.3496940822;48.8873749106
M4;BARBES ROCHECHOUART;GARE DU NORD;MAIRIE DE MONTROUGE;;MAIRIE DE MONTROUGE;2.35061300069;48.8838039424;2.35699516401;48.8795512844
M4;GARE DU NORD;BARBES ROCHECHOUART;PORTE DE CLIGNANCOURT;PORTE DE CLIGNANCOURT;;2.35699516401;48.8795512844;2.35061300069;48.8838039424
M4;GARE DU NORD;GARE DE L'EST;MAIRIE DE MONTROUGE;;MAIRIE DE MONTROUGE;2.35699516401;48.8795512844;2.35788077193;48.8759910648
M4;GARE DE L'EST;GARE DU NORD;PORTE DE CLIGNANCOURT;PORTE DE CLIGNANCOURT;;2.35788077193;48.8759910648;2.35699516401;48.8795512844
M4;GARE DE L'EST;CHATEAU D'EAU;MAIRIE DE MONTROUGE;;MAIRIE DE MONTROUGE;2.35788077193;48.8759910648;2.35604490767;48.8724249145
M4;CHATEAU D'EAU;GARE DE L'EST;PORTE DE CLIGNANCOURT;PORTE DE CLIGNANCOURT;;2.35604490767;48.8724249145;2.35788077193;48.8759910648
M4;CHATEAU D'EAU;STRASBOURG SAINT DENIS;MAIRIE DE MONTROUGE;;MAIRIE DE MONTROUGE;2.35604490767;48.8724249145;2.3546037907;48.8692241717
M4;STRASBOURG SAINT DENIS;CHATEAU D'EAU;PORTE DE CLIGNANCOURT;PORTE DE CLIGNANCOURT;;2.3546037907;48.8692241717;2.35604490767;48.8724249145
M4;STRASBOURG SAINT DENIS;REAUMUR SEBASTOPOL;MAIRIE DE MONTROUGE;;MAIRIE DE MONTROUGE;2.3546037907;48.8692241717;2.35206831805;48.8663402993
M4;REAUMUR SEBASTOPOL;STRASBOURG SAINT DENIS;PORTE DE CLIGNANCOURT;PORTE DE CLIGNANCOURT;;2.35206831805;48.8663402993;2.3546037907;48.8692241717
M4;REAUMUR SEBASTOPOL;ETIENNE MARCEL;MAIRIE DE MONTROUGE;;MAIRIE DE MONTROUGE;2.35206831805;48.8663402993;2.34888065259;48.8638074378
M4;ETIENNE MARCEL;REAUMUR SEBASTOPOL;PORTE DE CLIGNANCOURT;PORTE DE CLIGNANCOURT;;2.34888065259;48.8638074378;2.35206831805;48.8663402993
M4;ETIENNE MARCEL;LES HALLES;MAIRIE DE MONTROUGE;;MAIRIE DE MONTROUGE;2.34888065259;48.8638074378;2.34567382822;48.8623162787
M4;LES HALLES;ETIENNE MARCEL;PORTE DE CLIGNANCOURT;PORTE DE CLIGNANCOURT;;2.34567382822;48.8623162787;2.34888065259;48.8638074378
M4;LES HALLES;CHATELET;MAIRIE DE MONTROUGE;;MAIRIE DE MONTROUGE;2.34567382822;48.8623162787;2.34771187993;48.8570599663
M4;CHATELET;LES HALLES;PORTE DE CLIGNANCOURT;PORTE DE CLIGNANCOURT;;2.34771187993;48.8570599663;2.34567382822;48.8623162787
M4;CHATELET;CITE;MAIRIE DE MONTROUGE;;MAIRIE DE MONTROUGE;2.34771187993;48.8570599663;2.34732131573;48.8549363766
M4;CITE;CHATELET;PORTE DE CLIGNANCOURT;PORTE DE CLIGNANCOURT;;2.34732131573;48.8549363766;2.34771187993;48.8570599663
M4;CITE;SAINT MICHEL;MAIRIE DE MONTROUGE;;MAIRIE DE MONTROUGE;2.34732131573;48.8549363766;2.34328597892;48.8531679849
M4;SAINT MICHEL;CITE;PORTE DE CLIGNANCOURT;PORTE DE CLIGNANCOURT;;2.34328597892;48.8531679849;2.34732131573;48.8549363766
M4;SAINT MICHEL;ODEON;MAIRIE DE MONTROUGE;;MAIRIE DE MONTROUGE;2.34328597892;48.8531679849;2.33964633593;48.8521672611
M4;ODEON;SAINT MICHEL;PORTE DE CLIGNANCOURT;PORTE DE CLIGNANCOURT;;2.33964633593;48.8521672611;2.34328597892;48.8531679849
M4;ODEON;SAINT GERMAIN DES PRES;MAIRIE DE MONTROUGE;;MAIRIE DE MONTROUGE;2.33964633593;48.8521672611;2.33377613686;48.853718934
M4;SAINT GERMAIN DES PRES;ODEON;PORTE DE CLIGNANCOURT;PORTE DE CLIGNANCOURT;;2.33377613686;48.853718934;2.33964633593;48.8521672611
M4;SAINT GERMAIN DES PRES;SAINT SULPICE;MAIRIE DE MONTROUGE;;MAIRIE DE MONTROUGE;2.33377613686;48.853718934;2.33125629137;48.8516722456
M4;SAINT SULPICE;SAINT GERMAIN DES PRES;PORTE DE CLIGNANCOURT;PORTE DE CLIGNANCOURT;;2.33125629137;48.8516722456;2.33377613686;48.853718934
M4;SAINT SULPICE;SAINT PLACIDE;MAIRIE DE MONTROUGE;;MAIRIE DE MONTROUGE;2.33125629137;48.8516722456;2.32679278504;48.846878238
M4;SAINT PLACIDE;SAINT SULPICE;PORTE DE CLIGNANCOURT;PORTE DE CLIGNANCOURT;;2.32679278504;48.846878238;2.33125629137;48.8516722456
M4;SAINT PLACIDE;MONTPARNASSE BIENVENUE;MAIRIE DE MONTROUGE;;MAIRIE DE MONTROUGE;2.32679278504;48.846878238;2.32435304116;48.8437354893
M4;MONTPARNASSE BIENVENUE;SAINT PLACIDE;PORTE DE CLIGNANCOURT;PORTE DE CLIGNANCOURT;;2.32435304116;48.8437354893;2.32679278504;48.846878238
M4;MONTPARNASSE BIENVENUE;VAVIN;MAIRIE DE MONTROUGE;;MAIRIE DE MONTROUGE;2.32435304116;48.8437354893;2.32900892624;48.8422184136
M4;VAVIN;MONTPARNASSE BIENVENUE;PORTE DE CLIGNANCOURT;PORTE DE CLIGNANCOURT;;2.32900892624;48.8422184136;2.32435304116;48.8437354893
M4;VAVIN;RASPAIL;MAIRIE DE MONTROUGE;;MAIRIE DE MONTROUGE;2.32900892624;48.8422184136;2.33075419209;48.8389642807
M4;RASPAIL;VAVIN;PORTE DE CLIGNANCOURT;PORTE DE CLIGNANCOURT;;2.33075419209;48.8389642807;2.32900892624;48.8422184136
M4;RASPAIL;DENFERT ROCHEREAU;MAIRIE DE MONTROUGE;;MAIRIE DE MONTROUGE;2.33075419209;48.8389642807;2.33174013099;48.8334508582
M4;DENFERT ROCHEREAU;RASPAIL;PORTE DE CLIGNANCOURT;PORTE DE CLIGNANCOURT;;2.33174013099;48.8334508582;2.33075419209;48.8389642807
M4;DENFERT ROCHEREAU;MOUTON DUVERNET;MAIRIE DE MONTROUGE;;MAIRIE DE MONTROUGE;2.33174013099;48.8334508582;2.32970501262;48.8311126604
M4;MOUTON DUVERNET;DENFERT ROCHEREAU;PORTE DE CLIGNANCOURT;PORTE DE CLIGNANCOURT;;2.32970501262;48.8311126604;2.33174013099;48.8334508582
M4;MOUTON DUVERNET;ALESIA;MAIRIE DE MONTROUGE;;MAIRIE DE MONTROUGE;2.32970501262;48.8311126604;2.32716464961;48.8281884763
M4;ALESIA;MOUTON DUVERNET;PORTE DE CLIGNANCOURT;PORTE DE CLIGNANCOURT;;2.32716464961;48.8281884763;2.32970501262;48.8311126604
M4;ALESIA;PORTE D'ORLEANS;MAIRIE DE MONTROUGE;;MAIRIE DE MONTROUGE;2.32716464961;48.8281884763;2.32557563621;48.823411629
M4;PORTE D'ORLEANS;ALESIA;PORTE DE CLIGNANCOURT;PORTE DE CLIGNANCOURT;;2.32557563621;48.823411629;2.32716464961;48.8281884763
M4;PORTE D'ORLEANS;MAIRIE DE MONTROUGE;MAIRIE DE MONTROUGE;;MAIRIE DE MONTROUGE;2.32557563621;48.823411629;2.3197403133;48.8186764099
M4;MAIRIE DE MONTROUGE;PORTE D'ORLEANS;PORTE DE CLIGNANCOURT;PORTE DE CLIGNANCOURT;;2.3197403133;48.8186764099;2.32557563621;48.823411629
M5;BOBIGNY PABLO PICASSO;BOBIGNY PANTIN RAYMOND QUENEAU;PLACE D'ITALIE;;PLACE D'ITALIE;2.44918990449;48.9063747703;2.4253268888;48.895454673
M5;BOBIGNY PANTIN RAYMOND QUENEAU;BOBIGNY PABLO PICASSO;BOBIGNY PABLO PICASSO;BOBIGNY PABLO PICASSO;;2.4253268888;48.895454673;2.44918990449;48.9063747703
M5;BOBIGNY PANTIN RAYMOND QUENEAU;EGLISE DE PANTIN;PLACE D'ITALIE;;PLACE D'ITALIE;2.4253268888;48.895454673;2.41331313951;48.89325759
M5;EGLISE DE PANTIN;BOBIGNY PANTIN RAYMOND QUENEAU;BOBIGNY PABLO PICASSO;BOBIGNY PABLO PICASSO;;2.41331313951;48.89325759;2.4253268888;48.895454673
M5;EGLISE DE PANTIN;HOCHE;PLACE D'ITALIE;;PLACE D'ITALIE;2.41331313951;48.89325759;2.40235214254;48.8912285932
M5;HOCHE;EGLISE DE PANTIN;BOBIGNY PABLO PICASSO;BOBIGNY PABLO PICASSO;;2.40235214254;48.8912285932;2.41331313951;48.89325759
M5;HOCHE;PORTE DE PANTIN;PLACE D'ITALIE;;PLACE D'ITALIE;2.40235214254;48.8912285932;2.39211369776;48.8885036879
M5;PORTE DE PANTIN;HOCHE;BOBIGNY PABLO PICASSO;BOBIGNY PABLO PICASSO;;2.39211369776;48.8885036879;2.40235214254;48.8912285932
M5;PORTE DE PANTIN;OURCQ;PLACE D'ITALIE;;PLACE D'ITALIE;2.39211369776;48.8885036879;2.38696001714;48.8871348691
M5;OURCQ;PORTE DE PANTIN;BOBIGNY PABLO PICASSO;BOBIGNY PABLO PICASSO;;2.38696001714;48.8871348691;2.39211369776;48.8885036879
M5;OURCQ;LAUMIERE;PLACE D'ITALIE;;PLACE D'ITALIE;2.38696001714;48.8871348691;2.37966307748;48.8852161821
M5;LAUMIERE;OURCQ;BOBIGNY PABLO PICASSO;BOBIGNY PABLO PICASSO;;2.37966307748;48.8852161821;2.38696001714;48.8871348691
M5;LAUMIERE;JAURES;PLACE D'ITALIE;;PLACE D'ITALIE;2.37966307748;48.8852161821;2.37026212666;48.8814985959
M5;JAURES;LAUMIERE;BOBIGNY PABLO PICASSO;BOBIGNY PABLO PICASSO;;2.37026212666;48.8814985959;2.37966307748;48.8852161821
M5;JAURES;STALINGRAD;PLACE D'ITALIE;;PLACE D'ITALIE;2.37026212666;48.8814985959;2.36589381994;48.8844208864
M5;STALINGRAD;JAURES;BOBIGNY PABLO PICASSO;BOBIGNY PABLO PICASSO;;2.36589381994;48.8844208864;2.37026212666;48.8814985959
M5;STALINGRAD;GARE DU NORD;PLACE D'ITALIE;;PLACE D'ITALIE;2.36589381994;48.8844208864;2.35699516401;48.8795512844
M5;GARE DU NORD;STALINGRAD;BOBIGNY PABLO PICASSO;BOBIGNY PABLO PICASSO;;2.35699516401;48.8795512844;2.36589381994;48.8844208864
M5;GARE DU NORD;GARE DE L'EST;PLACE D'ITALIE;;PLACE D'ITALIE;2.35699516401;48.8795512844;2.35788077193;48.8759910648
M5;GARE DE L'EST;GARE DU NORD;BOBIGNY PABLO PICASSO;BOBIGNY PABLO PICASSO;;2.35788077193;48.8759910648;2.35699516401;48.8795512844
M5;GARE DE L'EST;JACQUES BONSERGENT;PLACE D'ITALIE;;PLACE D'ITALIE;2.35788077193;48.8759910648;2.36102746692;48.87080998
M5;JACQUES BONSERGENT;GARE DE L'EST;BOBIGNY PABLO PICASSO;BOBIGNY PABLO PICASSO;;2.36102746692;48.87080998;2.35788077193;48.8759910648
M5;JACQUES BONSERGENT;REPUBLIQUE;PLACE D'ITALIE;;PLACE D'ITALIE;2.36102746692;48.87080998;2.36424799375;48.8670267876
M5;REPUBLIQUE;JACQUES BONSERGENT;BOBIGNY PABLO PICASSO;BOBIGNY PABLO PICASSO;;2.36424799375;48.8670267876;2.36102746692;48.87080998
M5;REPUBLIQUE;OBERKAMPF;PLACE D'ITALIE;;PLACE D'ITALIE;2.36424799375;48.8670267876;2.36841002566;48.8646578796
M5;OBERKAMPF;REPUBLIQUE;BOBIGNY PABLO PICASSO;BOBIGNY PABLO PICASSO;;2.36841002566;48.8646578796;2.36424799375;48.8670267876
M5;OBERKAMPF;RICHARD LENOIR;PLACE D'ITALIE;;PLACE D'ITALIE;2.36841002566;48.8646578796;2.37191398009;48.8598736244
M5;RICHARD LENOIR;OBERKAMPF;BOBIGNY PABLO PICASSO;BOBIGNY PABLO PICASSO;;2.37191398009;48.8598736244;2.36841002566;48.8646578796
M5;RICHARD LENOIR;BREGUET SABIN;PLACE D'ITALIE;;PLACE D'ITALIE;2.37191398009;48.8598736244;2.37020933841;48.8561407093
M5;BREGUET SABIN;RICHARD LENOIR;BOBIGNY PABLO PICASSO;BOBIGNY PABLO PICASSO;;2.37020933841;48.8561407093;2.37191398009;48.8598736244
M5;BREGUET SABIN;BASTILLE;PLACE D'ITALIE;;PLACE D'ITALIE;2.37020933841;48.8561407093;2.36932058493;48.8524794228
M5;BASTILLE;BREGUET SABIN;BOBIGNY PABLO PICASSO;BOBIGNY PABLO PICASSO;;2.36932058493;48.8524794228;2.37020933841;48.8561407093
M5;BASTILLE;QUAI DE LA RAPEE;PLACE D'ITALIE;;PLACE D'ITALIE;2.36932058493;48.8524794228;2.36587346941;48.8465154042
M5;QUAI DE LA RAPEE;BASTILLE;BOBIGNY PABLO PICASSO;BOBIGNY PABLO PICASSO;;2.36587346941;48.8465154042;2.36932058493;48.8524794228
M5;QUAI DE LA RAPEE;GARE D'AUSTERLITZ;PLACE D'ITALIE;;PLACE D'ITALIE;2.36587346941;48.8465154042;2.365184812;48.842436797
M5;GARE D'AUSTERLITZ;QUAI DE LA RAPEE;BOBIGNY PABLO PICASSO;BOBIGNY PABLO PICASSO;;2.365184812;48.842436797;2.36587346941;48.8465154042
M5;GARE D'AUSTERLITZ;SAINT MARCEL;PLACE D'ITALIE;;PLACE D'ITALIE;2.365184812;48.842436797;2.3609671677;48.838427297
M5;SAINT MARCEL;GARE D'AUSTERLITZ;BOBIGNY PABLO PICASSO;BOBIGNY PABLO PICASSO;;2.3609671677;48.838427297;2.365184812;48.842436797
M5;SAINT MARCEL;CAMPO FORMIO;PLACE D'ITALIE;;PLACE D'ITALIE;2.3609671677;48.838427297;2.3588234891;48.8354953554
M5;CAMPO FORMIO;SAINT MARCEL;BOBIGNY PABLO PICASSO;BOBIGNY PABLO PICASSO;;2.3588234891;48.8354953554;2.3609671677;48.838427297
M5;CAMPO FORMIO;PLACE D'ITALIE;PLACE D'ITALIE;;PLACE D'ITALIE;2.3588234891;48.8354953554;2.3561219388;48.830927241
M5;PLACE D'ITALIE;CAMPO FORMIO;BOBIGNY PABLO PICASSO;BOBIGNY PABLO PICASSO;;2.3561219388;48.830927241;2.3588234891;48.8354953554
M6;CHARLES DE GAULLE ETOILE;KLEBER;NATION;;NATION;2.29590490608;48.8751498197;2.29352429034;48.8716497691
M6;KLEBER;CHARLES DE GAULLE ETOILE;CHARLES DE GAULLE ETOILE;CHARLES DE GAULLE ETOILE;;2.29352429034;48.8716497691;2.29590490608;48.8751498197
M6;KLEBER;BOISSIERE;NATION;;NATION;2.29352429034;48.8716497691;2.29005883493;48.8669831104
M6;BOISSIERE;KLEBER;CHARLES DE GAULLE ETOILE;CHARLES DE GAULLE ETOILE;;2.29005883493;48.8669831104;2.29352429034;48.8716497691
M6;BOISSIERE;TROCADERO;NATION;;NATION;2.29005883493;48.8669831104;2.28624317069;48.8630650202
M6;TROCADERO;BOISSIERE;CHARLES DE GAULLE ETOILE;CHARLES DE GAULLE ETOILE;;2.28624317069;48.8630650202;2.29005883493;48.8669831104
M6;TROCADERO;PASSY;NATION;;NATION;2.28624317069;48.8630650202;2.28581244413;48.857448691
M6;PASSY;TROCADERO;CHARLES DE GAULLE ETOILE;CHARLES DE GAULLE ETOILE;;2.28581244413;48.857448691;2.28624317069;48.8630650202
M6;PASSY;BIR HAKEIM;NATION;;NATION;2.28581244413;48.857448691;2.28933453277;48.8539426071
M6;BIR HAKEIM;PASSY;CHARLES DE GAULLE ETOILE;CHARLES DE GAULLE ETOILE;;2.28933453277;48.8539426071;2.28581244413;48.857448691
M6;BIR HAKEIM;DUPLEIX;NATION;;NATION;2.28933453277;48.8539426071;2.29361243991;48.850434549
M6;DUPLEIX;BIR HAKEIM;CHARLES DE GAULLE ETOILE;CHARLES DE GAULLE ETOILE;;2.29361243991;48.850434549;2.28933453277;48.8539426071
M6;DUPLEIX;LA MOTTE PICQUET GRENELLE;NATION;;NATION;2.29361243991;48.850434549;2.29830140173;48.8493505536
M6;LA MOTTE PICQUET GRENELLE;DUPLEIX;CHARLES DE GAULLE ETOILE;CHARLES DE GAULLE ETOILE;;2.29830140173;48.8493505536;2.29361243991;48.850434549
M6;LA MOTTE PICQUET GRENELLE;CAMBRONNE;NATION;;NATION;2.29830140173;48.8493505536;2.30296829919;48.8475070811
M6;CAMBRONNE;LA MOTTE PICQUET GRENELLE;CHARLES DE GAULLE ETOILE;CHARLES DE GAULLE ETOILE;;2.30296829919;48.8475070811;2.29830140173;48.8493505536
M6;CAMBRONNE;SEVRES LECOURBE;NATION;;NATION;2.30296829919;48.8475070811;2.3095314901;48.8456269667
M6;SEVRES LECOURBE;CAMBRONNE;CHARLES DE GAULLE ETOILE;CHARLES DE GAULLE ETOILE;;2.3095314901;48.8456269667;2.30296829919;48.8475070811
M6;SEVRES LECOURBE;PASTEUR;NATION;;NATION;2.3095314901;48.8456269667;2.31281277347;48.84267682
M6;PASTEUR;SEVRES LECOURBE;CHARLES DE GAULLE ETOILE;CHARLES DE GAULLE ETOILE;;2.31281277347;48.84267682;2.3095314901;48.8456269667
M6;PASTEUR;MONTPARNASSE BIENVENUE;NATION;;NATION;2.31281277347;48.84267682;2.32435304116;48.8437354893
M6;MONTPARNASSE BIENVENUE;PASTEUR;CHARLES DE GAULLE ETOILE;CHARLES DE GAULLE ETOILE;;2.32435304116;48.8437354893;2.31281277347;48.84267682
M6;MONTPARNASSE BIENVENUE;EDGAR QUINET;NATION;;NATION;2.32435304116;48.8437354893;2.32638461079;48.8406632293
M6;EDGAR QUINET;MONTPARNASSE BIENVENUE;CHARLES DE GAULLE ETOILE;CHARLES DE GAULLE ETOILE;;2.32638461079;48.8406632293;2.32435304116;48.8437354893
M6;EDGAR QUINET;RASPAIL;NATION;;NATION;2.32638461079;48.8406632293;2.33075419209;48.8389642807
M6;RASPAIL;EDGAR QUINET;CHARLES DE GAULLE ETOILE;CHARLES DE GAULLE ETOILE;;2.33075419209;48.8389642807;2.32638461079;48.8406632293
M6;RASPAIL;DENFERT ROCHEREAU;NATION;;NATION;2.33075419209;48.8389642807;2.33174013099;48.8334508582
M6;DENFERT ROCHEREAU;RASPAIL;CHARLES DE GAULLE ETOILE;CHARLES DE GAULLE ETOILE;;2.33174013099;48.8334508582;2.33075419209;48.8389642807
M6;DENFERT ROCHEREAU;SAINT JACQUES;NATION;;NATION;2.33174013099;48.8334508582;2.33713519061;48.8329008165
M6;SAINT JACQUES;DENFERT ROCHEREAU;CHARLES DE GAULLE ETOILE;CHARLES DE GAULLE ETOILE;;2.33713519061;48.8329008165;2.33174013099;48.8334508582
M6;SAINT JACQUES;GLACIERE;NATION;;NATION;2.33713519061;48.8329008165;2.34351165775;48.831129548
M6;GLACIERE;SAINT JACQUES;CHARLES DE GAULLE ETOILE;CHARLES DE GAULLE ETOILE;;2.34351165775;48.831129548;2.33713519061;48.8329008165
M6;GLACIERE;CORVISART;NATION;;NATION;2.34351165775;48.831129548;2.35041487201;48.8297905137
M6;CORVISART;GLACIERE;CHARLES DE GAULLE ETOILE;CHARLES DE GAULLE ETOILE;;2.35041487201;48.8297905137;2.34351165775;48.831129548
M6;CORVISART;PLACE D'ITALIE;NATION;;NATION;2.35041487201;48.8297905137;2.3561219388;48.830927241
M6;PLACE D'ITALIE;CORVISART;CHARLES DE GAULLE ETOILE;CHARLES DE GAULLE ETOILE;;2.3561219388;48.830927241;2.35041487201;48.8297905137
M6;PLACE D'ITALIE;NATIONALE;NATION;;NATION;2.3561219388;48.830927241;2.36285639952;48.8332167197
M6;NATIONALE;PLACE D'ITALIE;CHARLES DE GAULLE ETOILE;CHARLES DE GAULLE ETOILE;;2.36285639952;48.8332167197;2.3561219388;48.830927241
M6;NATIONALE;CHEVALERET;NATION;;NATION;2.36285639952;48.8332167197;2.36812632906;48.8349477223
M6;CHEVALERET;NATIONALE;CHARLES DE GAULLE ETOILE;CHARLES DE GAULLE ETOILE;;2.36812632906;48.8349477223;2.36285639952;48.8332167197
M6;CHEVALERET;QUAI DE LA GARE;NATION;;NATION;2.36812632906;48.8349477223;2.37282572183;48.8370451192
M6;QUAI DE LA GARE;CHEVALERET;CHARLES DE GAULLE ETOILE;CHARLES DE GAULLE ETOILE;;2.37282572183;48.8370451192;2.36812632906;48.8349477223
M6;QUAI DE LA GARE;BERCY;NATION;;NATION;2.37282572183;48.8370451192;2.37991127145;48.8403887481
M6;BERCY;QUAI DE LA GARE;CHARLES DE GAULLE ETOILE;CHARLES DE GAULLE ETOILE;;2.37991127145;48.8403887481;2.37282572183;48.8370451192
M6;BERCY;DUGOMMIER;NATION;;NATION;2.37991127145;48.8403887481;2.38962001134;48.8390411437
M6;DUGOMMIER;BERCY;CHARLES DE GAULLE ETOILE;CHARLES DE GAULLE ETOILE;;2.38962001134;48.8390411437;2.37991127145;48.8403887481
M6;DUGOMMIER;DAUMESNIL;NATION;;NATION;2.38962001134;48.8390411437;2.39618288645;48.8394454284
M6;DAUMESNIL;DUGOMMIER;CHARLES DE GAULLE ETOILE;CHARLES DE GAULLE ETOILE;;2.39618288645;48.8394454284;2.38962001134;48.8390411437
M6;DAUMESNIL;BEL AIR;NATION;;NATION;2.39618288645;48.8394454284;2.40091853812;48.8413382509
M6;BEL AIR;DAUMESNIL;CHARLES DE GAULLE ETOILE;CHARLES DE GAULLE ETOILE;;2.40091853812;48.8413382509;2.39618288645;48.8394454284
M6;BEL AIR;PICPUS;NATION;;NATION;2.40091853812;48.8413382509;2.40128901983;48.8450615799
M6;PICPUS;BEL AIR;CHARLES DE GAULLE ETOILE;CHARLES DE GAULLE ETOILE;;2.40128901983;48.8450615799;2.40091853812;48.8413382509
M6;PICPUS;NATION;NATION;;NATION;2.40128901983;48.8450615799;2.39546199483;48.8473748787
M6;NATION;PICPUS;CHARLES DE GAULLE ETOILE;CHARLES DE GAULLE ETOILE;;2.39546199483;48.8473748787;2.40128901983;48.8450615799
M7;LA COURNEUVE 8 MAI 1945;FORT D'AUBERVILLIERS;VILLEJUIF LOUIS ARAGON;;VILLEJUIF LOUIS ARAGON;2.41059861373;48.9207859699;2.40440908743;48.9149497564
M7;FORT D'AUBERVILLIERS;LA COURNEUVE 8 MAI 1945;LA COURNEUVE 8 MAI 1945;LA COURNEUVE 8 MAI 1945;;2.40440908743;48.9149497564;2.41059861373;48.9207859699
M7;FORT D'AUBERVILLIERS;AUBERVILLIERS PANTIN QUATRE CHEMINS;VILLEJUIF LOUIS ARAGON;;VILLEJUIF LOUIS ARAGON;2.40440908743;48.9149497564;2.39228705964;48.9037599302
M7;AUBERVILLIERS PANTIN QUATRE CHEMINS;FORT D'AUBERVILLIERS;LA COURNEUVE 8 MAI 1945;LA COURNEUVE 8 MAI 1945;;2.39228705964;48.9037599302;2.40440908743;48.9149497564
M7;AUBERVILLIERS PANTIN QUATRE CHEMINS;PORTE DE LA VILLETTE;VILLEJUIF LOUIS ARAGON;;VILLEJUIF LOUIS ARAGON;2.39228705964;48.9037599302;2.38550838768;48.8973898907
M7;PORTE DE LA VILLETTE;AUBERVILLIERS PANTIN QUATRE CHEMINS;LA COURNEUVE 8 MAI 1945;LA COURNEUVE 8 MAI 1945;;2.38550838768;48.8973898907;2.39228705964;48.9037599302
M7;PORTE DE LA VILLETTE;CORENTIN CARIOU;VILLEJUIF LOUIS ARAGON;;VILLEJUIF LOUIS ARAGON;2.38550838768;48.8973898907;2.38252234342;48.8948364684
M7;CORENTIN CARIOU;PORTE DE LA VILLETTE;LA COURNEUVE 8 MAI 1945;LA COURNEUVE 8 MAI 1945;;2.38252234342;48.8948364684;2.38550838768;48.8973898907
M7;CORENTIN CARIOU;CRIMEE;VILLEJUIF LOUIS ARAGON;;VILLEJUIF LOUIS ARAGON;2.38252234342;48.8948364684;2.3773157556;48.8907889695
M7;CRIMEE;CORENTIN CARIOU;LA COURNEUVE 8 MAI 1945;LA COURNEUVE 8 MAI 1945;;2.3773157556;48.8907889695;2.38252234342;48.8948364684
M7;CRIMEE;RIQUET;VILLEJUIF LOUIS ARAGON;;VILLEJUIF LOUIS ARAGON;2.3773157556;48.8907889695;2.37420401204;48.888267617
M7;RIQUET;CRIMEE;LA COURNEUVE 8 MAI 1945;LA COURNEUVE 8 MAI 1945;;2.37420401204;48.888267617;2.3773157556;48.8907889695
M7;RIQUET;STALINGRAD;VILLEJUIF LOUIS ARAGON;;VILLEJUIF LOUIS ARAGON;2.37420401204;48.888267617;2.36589381994;48.8844208864
M7;STALINGRAD;RIQUET;LA COURNEUVE 8 MAI 1945;LA COURNEUVE 8 MAI 1945;;2.36589381994;48.8844208864;2.37420401204;48.888267617
M7;STALINGRAD;LOUIS BLANC;VILLEJUIF LOUIS ARAGON;;VILLEJUIF LOUIS ARAGON;2.36589381994;48.8844208864;2.36554431917;48.8812858119
M7;LOUIS BLANC;STALINGRAD;LA COURNEUVE 8 MAI 1945;LA COURNEUVE 8 MAI 1945;;2.36554431917;48.8812858119;2.36589381994;48.8844208864
M7;LOUIS BLANC;CHATEAU LANDON;VILLEJUIF LOUIS ARAGON;;VILLEJUIF LOUIS ARAGON;2.36554431917;48.8812858119;2.36216007192;48.8785656258
M7;CHATEAU LANDON;LOUIS BLANC;LA COURNEUVE 8 MAI 1945;LA COURNEUVE 8 MAI 1945;;2.36216007192;48.8785656258;2.36554431917;48.8812858119
M7;CHATEAU LANDON;GARE DE L'EST;VILLEJUIF LOUIS ARAGON;;VILLEJUIF LOUIS ARAGON;2.36216007192;48.8785656258;2.35788077193;48.8759910648
M7;GARE DE L'EST;CHATEAU LANDON;LA COURNEUVE 8 MAI 1945;LA COURNEUVE 8 MAI 1945;;2.35788077193;48.8759910648;2.36216007192;48.8785656258
M7;GARE DE L'EST;POISSONNIERE;VILLEJUIF LOUIS ARAGON;;VILLEJUIF LOUIS ARAGON;2.35788077193;48.8759910648;2.34929390248;48.8772363191
M7;POISSONNIERE;GARE DE L'EST;LA COURNEUVE 8 MAI 1945;LA COURNEUVE 8 MAI 1945;;2.34929390248;48.8772363191;2.35788077193;48.8759910648
M7;POISSONNIERE;CADET;VILLEJUIF LOUIS ARAGON;;VILLEJUIF LOUIS ARAGON;2.34929390248;48.8772363191;2.34412603046;48.8758906819
M7;CADET;POISSONNIERE;LA COURNEUVE 8 MAI 1945;LA COURNEUVE 8 MAI 1945;;2.34412603046;48.8758906819;2.34929390248;48.8772363191
M7;CADET;LE PELETIER;VILLEJUIF LOUIS ARAGON;;VILLEJUIF LOUIS ARAGON;2.34412603046;48.8758906819;2.34019988439;48.8748743434
M7;LE PELETIER;CADET;LA COURNEUVE 8 MAI 1945;LA COURNEUVE 8 MAI 1945;;2.34019988439;48.8748743434;2.34412603046;48.8758906819
M7;LE PELETIER;CHAUSSEE D'ANTIN LA FAYETTE;VILLEJUIF LOUIS ARAGON;;VILLEJUIF LOUIS ARAGON;2.34019988439;48.8748743434;2.33345121858;48.8731092743
M7;CHAUSSEE D'ANTIN LA FAYETTE;LE PELETIER;LA COURNEUVE 8 MAI 1945;LA COURNEUVE 8 MAI 1945;;2.33345121858;48.8731092743;2.34019988439;48.8748743434
M7;CHAUSSEE D'ANTIN LA FAYETTE;OPERA;VILLEJUIF LOUIS ARAGON;;VILLEJUIF LOUIS ARAGON;2.33345121858;48.8731092743;2.33240740643;48.8704867033
M7;OPERA;CHAUSSEE D'ANTIN LA FAYETTE;LA COURNEUVE 8 MAI 1945;LA COURNEUVE 8 MAI 1945;;2.33240740643;48.8704867033;2.33345121858;48.8731092743
M7;OPERA;PYRAMIDES;VILLEJUIF LOUIS ARAGON;;VILLEJUIF LOUIS ARAGON;2.33240740643;48.8704867033;2.33418954197;48.8659067396
M7;PYRAMIDES;OPERA;LA COURNEUVE 8 MAI 1945;LA COURNEUVE 8 MAI 1945;;2.33418954197;48.8659067396;2.33240740643;48.8704867033
M7;PYRAMIDES;PALAIS ROYAL MUSEE DU LOUVRE;VILLEJUIF LOUIS ARAGON;;VILLEJUIF LOUIS ARAGON;2.33418954197;48.8659067396;2.33649646231;48.8623480308
M7;PALAIS ROYAL MUSEE DU LOUVRE;PYRAMIDES;LA COURNEUVE 8 MAI 1945;LA COURNEUVE 8 MAI 1945;;2.33649646231;48.8623480308;2.33418954197;48.8659067396
M7;PALAIS ROYAL MUSEE DU LOUVRE;PONT NEUF;VILLEJUIF LOUIS ARAGON;;VILLEJUIF LOUIS ARAGON;2.33649646231;48.8623480308;2.34223275937;48.8585538264
M7;PONT NEUF;PALAIS ROYAL MUSEE DU LOUVRE;LA COURNEUVE 8 MAI 1945;LA COURNEUVE 8 MAI 1945;;2.34223275937;48.8585538264;2.33649646231;48.8623480308
M7;PONT NEUF;CHATELET;VILLEJUIF LOUIS ARAGON;;VILLEJUIF LOUIS ARAGON;2.34223275937;48.8585538264;2.34771187993;48.8570599663
M7;CHATELET;PONT NEUF;LA COURNEUVE 8 MAI 1945;LA COURNEUVE 8 MAI 1945;;2.34771187993;48.8570599663;2.34223275937;48.8585538264
M7;CHATELET;PONT MARIE;VILLEJUIF LOUIS ARAGON;;VILLEJUIF LOUIS ARAGON;2.34771187993;48.8570599663;2.35716257162;48.8535754725
M7;PONT MARIE;CHATELET;LA COURNEUVE 8 MAI 1945;LA COURNEUVE 8 MAI 1945;;2.35716257162;48.8535754725;2.34771187993;48.8570599663
M7;PONT MARIE;SULLY MORLAND;VILLEJUIF LOUIS ARAGON;;VILLEJUIF LOUIS ARAGON;2.35716257162;48.8535754725;2.361985141;48.8512376804
M7;SULLY MORLAND;PONT MARIE;LA COURNEUVE 8 MAI 1945;LA COURNEUVE 8 MAI 1945;;2.361985141;48.8512376804;2.35716257162;48.8535754725
M7;SULLY MORLAND;JUSSIEU;VILLEJUIF LOUIS ARAGON;;VILLEJUIF LOUIS ARAGON;2.361985141;48.8512376804;2.35505026306;48.8459506666
M7;JUSSIEU;SULLY MORLAND;LA COURNEUVE 8 MAI 1945;LA COURNEUVE 8 MAI 1945;;2.35505026306;48.8459506666;2.361985141;48.8512376804
M7;JUSSIEU;PLACE MONGE;VILLEJUIF LOUIS ARAGON;;VILLEJUIF LOUIS ARAGON;2.35505026306;48.8459506666;2.35222472818;48.8428668307
M7;PLACE MONGE;JUSSIEU;LA COURNEUVE 8 MAI 1945;LA COURNEUVE 8 MAI 1945;;2.35222472818;48.8428668307;2.35505026306;48.8459506666
M7;PLACE MONGE;CENSIER DAUBENTON;VILLEJUIF LOUIS ARAGON;;VILLEJUIF LOUIS ARAGON;2.35222472818;48.8428668307;2.35173948717;48.8404866526
M7;CENSIER DAUBENTON;PLACE MONGE;LA COURNEUVE 8 MAI 1945;LA COURNEUVE 8 MAI 1945;;2.35173948717;48.8404866526;2.35222472818;48.8428668307
M7;CENSIER DAUBENTON;LES GOBELINS;VILLEJUIF LOUIS ARAGON;;VILLEJUIF LOUIS ARAGON;2.35173948717;48.8404866526;2.35258892564;48.8358634842
M7;LES GOBELINS;CENSIER DAUBENTON;LA COURNEUVE 8 MAI 1945;LA COURNEUVE 8 MAI 1945;;2.35258892564;48.8358634842;2.35173948717;48.8404866526
M7;LES GOBELINS;PLACE D'ITALIE;VILLEJUIF LOUIS ARAGON;;VILLEJUIF LOUIS ARAGON;2.35258892564;48.8358634842;2.3561219388;48.830927241
M7;PLACE D'ITALIE;LES GOBELINS;LA COURNEUVE 8 MAI 1945;LA COURNEUVE 8 MAI 1945;;2.3561219388;48.830927241;2.35258892564;48.8358634842
M7;PLACE D'ITALIE;TOLBIAC;VILLEJUIF LOUIS ARAGON;;VILLEJUIF LOUIS ARAGON;2.3561219388;48.830927241;2.35724565076;48.8264260109
M7;TOLBIAC;PLACE D'ITALIE;LA COURNEUVE 8 MAI 1945;LA COURNEUVE 8 MAI 1945;;2.35724565076;48.8264260109;2.3561219388;48.830927241
M7;TOLBIAC;MAISON BLANCHE;VILLEJUIF LOUIS ARAGON;;VILLEJUIF LOUIS ARAGON;2.35724565076;48.8264260109;2.35847388385;48.8224378346
M7;MAISON BLANCHE;TOLBIAC;LA COURNEUVE 8 MAI 1945;LA COURNEUVE 8 MAI 1945;;2.35847388385;48.8224378346;2.35724565076;48.8264260109
M7;MAISON BLANCHE;PORTE D'ITALIE;MAIRIE D'IVRY;;MAIRIE D'IVRY;2.35847388385;48.8224378346;2.35970521675;48.8192233496
M7;PORTE D'ITALIE;MAISON BLANCHE;LA COURNEUVE 8 MAI 1945;LA COURNEUVE 8 MAI 1945;;2.35970521675;48.8192233496;2.35847388385;48.8224378346
M7;PORTE D'ITALIE;PORTE DE CHOISY;MAIRIE D'IVRY;;MAIRIE D'IVRY;2.35970521675;48.8192233496;2.36453195175;48.819876221
M7;PORTE DE CHOISY;PORTE D'ITALIE;LA COURNEUVE 8 MAI 1945;LA COURNEUVE 8 MAI 1945;;2.36453195175;48.819876221;2.35970521675;48.8192233496
M7;PORTE DE CHOISY;PORTE D'IVRY;MAIRIE D'IVRY;;MAIRIE D'IVRY;2.36453195175;48.819876221;2.36929058735;48.8213557838
M7;PORTE D'IVRY;PORTE DE CHOISY;LA COURNEUVE 8 MAI 1945;LA COURNEUVE 8 MAI 1945;;2.36929058735;48.8213557838;2.36453195175;48.819876221
M7;PORTE D'IVRY;PIERRE CURIE;MAIRIE D'IVRY;;MAIRIE D'IVRY;2.36929058735;48.8213557838;2.37726720015;48.815930763
M7;PIERRE CURIE;PORTE D'IVRY;LA COURNEUVE 8 MAI 1945;LA COURNEUVE 8 MAI 1945;;2.37726720015;48.815930763;2.36929058735;48.8213557838
M7;PIERRE CURIE;MAIRIE D'IVRY;MAIRIE D'IVRY;;MAIRIE D'IVRY;2.37726720015;48.815930763;2.38355147965;48.8110991977
M7;MAIRIE D'IVRY;PIERRE CURIE;LA COURNEUVE 8 MAI 1945;LA COURNEUVE 8 MAI 1945;;2.38355147965;48.8110991977;2.37726720015;48.815930763
M7;MAISON BLANCHE;LE KREMLIN BICETRE;VILLEJUIF LOUIS ARAGON;;VILLEJUIF LOUIS ARAGON;2.35847388385;48.8224378346;2.36226338713;48.8101299573
M7;LE KREMLIN BICETRE;MAISON BLANCHE;LA COURNEUVE 8 MAI 1945;LA COURNEUVE 8 MAI 1945;;2.36226338713;48.8101299573;2.35847388385;48.8224378346
M7;LE KREMLIN BICETRE;VILLEJUIF LEO LAGRANGE;VILLEJUIF LOUIS ARAGON;;VILLEJUIF LOUIS ARAGON;2.36226338713;48.8101299573;2.3639531966;48.8046881209
M7;VILLEJUIF LEO LAGRANGE;LE KREMLIN BICETRE;LA COURNEUVE 8 MAI 1945;LA COURNEUVE 8 MAI 1945;;2.3639531966;48.8046881209;2.36226338713;48.8101299573
M7;VILLEJUIF LEO LAGRANGE;VILLEJUIF PAUL VAILLANT COUTURIER;VILLEJUIF LOUIS ARAGON;;VILLEJUIF LOUIS ARAGON;2.3639531966;48.8046881209;2.36826954143;48.7964830828
M7;VILLEJUIF PAUL VAILLANT COUTURIER;VILLEJUIF LEO LAGRANGE;LA COURNEUVE 8 MAI 1945;LA COURNEUVE 8 MAI 1945;;2.36826954143;48.7964830828;2.3639531966;48.8046881209
M7;VILLEJUIF PAUL VAILLANT COUTURIER;VILLEJUIF LOUIS ARAGON;VILLEJUIF LOUIS ARAGON;;VILLEJUIF LOUIS ARAGON;2.36826954143;48.7964830828;2.36780410698;48.7875627921
M7;VILLEJUIF LOUIS ARAGON;VILLEJUIF PAUL VAILLANT COUTURIER;LA COURNEUVE 8 MAI 1945;LA COURNEUVE 8 MAI 1945;;2.36780410698;48.7875627921;2.36826954143;48.7964830828
M7 bis;LOUIS BLANC;JAURES;PRE ST GERVAIS;;PRE ST GERVAIS;2.36554431917;48.8812858119;2.37026212666;48.8814985959
M7 bis;JAURES;LOUIS BLANC;LOUIS BLANC;LOUIS BLANC;;2.37026212666;48.8814985959;2.36554431917;48.8812858119
M7 bis;JAURES;BOLIVAR;PRE ST GERVAIS;;PRE ST GERVAIS;2.37026212666;48.8814985959;2.37414715384;48.8808212614
M7 bis;BOLIVAR;JAURES;LOUIS BLANC;LOUIS BLANC;;2.37414715384;48.8808212614;2.37026212666;48.8814985959
M7 bis;BOLIVAR;BUTTES CHAUMONT;PRE ST GERVAIS;;PRE ST GERVAIS;2.37414715384;48.8808212614;2.38161451194;48.8785141131
M7 bis;BUTTES CHAUMONT;BOLIVAR;LOUIS BLANC;LOUIS BLANC;;2.38161451194;48.8785141131;2.37414715384;48.8808212614
M7 bis;BUTTES CHAUMONT;BOTZARIS;PRE ST GERVAIS;;PRE ST GERVAIS;2.38161451194;48.8785141131;2.38911580738;48.8794817719
M7 bis;BOTZARIS;BUTTES CHAUMONT;LOUIS BLANC;LOUIS BLANC;;2.38911580738;48.8794817719;2.38161451194;48.8785141131
M7 bis;BOTZARIS;PLACE DES FETES;PRE ST GERVAIS;PRE ST GERVAIS;PRE ST GERVAIS;2.38911580738;48.8794817719;2.39305609332;48.8768063892
M7 bis;PLACE DES FETES;PRE ST GERVAIS;PRE ST GERVAIS;PRE ST GERVAIS;;2.39305609332;48.8768063892;2.39894666246;48.8799957944
M7 bis;PRE ST GERVAIS;DANUBE;LOUIS BLANC;;LOUIS BLANC;2.39894666246;48.8799957944;2.39344545649;48.8819319987
M7 bis;DANUBE;BOTZARIS;LOUIS BLANC;LOUIS BLANC;;2.39344545649;48.8819319987;2.38911580738;48.8794817719
M8;BALARD;LOURMEL;POINTE DU LAC;;POINTE DU LAC;2.27816167128;48.8359308792;2.28270002724;48.8389609394
M8;LOURMEL;BALARD;BALARD;BALARD;;2.28270002724;48.8389609394;2.27816167128;48.8359308792
M8;LOURMEL;BOUCICAUT;POINTE DU LAC;;POINTE DU LAC;2.28270002724;48.8389609394;2.2879457665;48.8410940563
M8;BOUCICAUT;LOURMEL;BALARD;BALARD;;2.2879457665;48.8410940563;2.28270002724;48.8389609394
M8;BOUCICAUT;FELIX FAURE;POINTE DU LAC;;POINTE DU LAC;2.2879457665;48.8410940563;2.29191241332;48.8427467798
M8;FELIX FAURE;BOUCICAUT;BALARD;BALARD;;2.29191241332;48.8427467798;2.2879457665;48.8410940563
M8;FELIX FAURE;COMMERCE;POINTE DU LAC;;POINTE DU LAC;2.29191241332;48.8427467798;2.29395196364;48.8447947646
M8;COMMERCE;FELIX FAURE;BALARD;BALARD;;2.29395196364;48.8447947646;2.29191241332;48.8427467798
M8;COMMERCE;LA MOTTE PICQUET GRENELLE;POINTE DU LAC;;POINTE DU LAC;2.29395196364;48.8447947646;2.29830140173;48.8493505536
M8;LA MOTTE PICQUET GRENELLE;COMMERCE;BALARD;BALARD;;2.29830140173;48.8493505536;2.29395196364;48.8447947646
M8;LA MOTTE PICQUET GRENELLE;ECOLE MILITAIRE;POINTE DU LAC;;POINTE DU LAC;2.29830140173;48.8493505536;2.3060974037;48.8546821569
M8;ECOLE MILITAIRE;LA MOTTE PICQUET GRENELLE;BALARD;BALARD;;2.3060974037;48.8546821569;2.29830140173;48.8493505536
M8;ECOLE MILITAIRE;LA TOUR MAUBOURG;POINTE DU LAC;;POINTE DU LAC;2.3060974037;48.8546821569;2.31056596095;48.8577254129
M8;LA TOUR MAUBOURG;ECOLE MILITAIRE;BALARD;BALARD;;2.31056596095;48.8577254129;2.3060974037;48.8546821569
M8;LA TOUR MAUBOURG;INVALIDES;POINTE DU LAC;;POINTE DU LAC;2.31056596095;48.8577254129;2.31390957779;48.8623647041
M8;INVALIDES;LA TOUR MAUBOURG;BALARD;BALARD;;2.31390957779;48.8623647041;2.31056596095;48.8577254129
M8;INVALIDES;CONCORDE;POINTE DU LAC;;POINTE DU LAC;2.31390957779;48.8623647041;2.32294341224;48.8662858046
M8;CONCORDE;INVALIDES;BALARD;BALARD;;2.32294341224;48.8662858046;2.31390957779;48.8623647041
M8;CONCORDE;MADELEINE;POINTE DU LAC;;POINTE DU LAC;2.32294341224;48.8662858046;2.32516410954;48.8700997328
M8;MADELEINE;CONCORDE;BALARD;BALARD;;2.32516410954;48.8700997328;2.32294341224;48.8662858046
M8;MADELEINE;OPERA;POINTE DU LAC;;POINTE DU LAC;2.32516410954;48.8700997328;2.33240740643;48.8704867033
M8;OPERA;MADELEINE;BALARD;BALARD;;2.33240740643;48.8704867033;2.32516410954;48.8700997328
M8;OPERA;RICHELIEU DROUOT;POINTE DU LAC;;POINTE DU LAC;2.33240740643;48.8704867033;2.33903054672;48.8717866021
M8;RICHELIEU DROUOT;OPERA;BALARD;BALARD;;2.33903054672;48.8717866021;2.33240740643;48.8704867033
M8;RICHELIEU DROUOT;GRANDS BOULEVARDS;POINTE DU LAC;;POINTE DU LAC;2.33903054672;48.8717866021;2.34315477308;48.8714977394
M8;GRANDS BOULEVARDS;RICHELIEU DROUOT;BALARD;BALARD;;2.34315477308;48.8714977394;2.33903054672;48.8717866021
M8;GRANDS BOULEVARDS;BONNE NOUVELLE;POINTE DU LAC;;POINTE DU LAC;2.34315477308;48.8714977394;2.35049797186;48.8701642009
M8;BONNE NOUVELLE;GRANDS BOULEVARDS;BALARD;BALARD;;2.35049797186;48.8701642009;2.34315477308;48.8714977394
M8;BONNE NOUVELLE;STRASBOURG SAINT DENIS;POINTE DU LAC;;POINTE DU LAC;2.35049797186;48.8701642009;2.3546037907;48.8692241717
M8;STRASBOURG SAINT DENIS;BONNE NOUVELLE;BALARD;BALARD;;2.3546037907;48.8692241717;2.35049797186;48.8701642009
M8;STRASBOURG SAINT DENIS;REPUBLIQUE;POINTE DU LAC;;POINTE DU LAC;2.3546037907;48.8692241717;2.36424799375;48.8670267876
M8;REPUBLIQUE;STRASBOURG SAINT DENIS;BALARD;BALARD;;2.36424799375;48.8670267876;2.3546037907;48.8692241717
M8;REPUBLIQUE;FILLES DU CALVAIRE;POINTE DU LAC;;POINTE DU LAC;2.36424799375;48.8670267876;2.36666109472;48.863257945
M8;FILLES DU CALVAIRE;REPUBLIQUE;BALARD;BALARD;;2.36666109472;48.863257945;2.36424799375;48.8670267876
M8;FILLES DU CALVAIRE;SAINT SEBASTIEN FROISSART;POINTE DU LAC;;POINTE DU LAC;2.36666109472;48.863257945;2.36721086641;48.8611688655
M8;SAINT SEBASTIEN FROISSART;FILLES DU CALVAIRE;BALARD;BALARD;;2.36721086641;48.8611688655;2.36666109472;48.863257945
M8;SAINT SEBASTIEN FROISSART;CHEMIN VERT;POINTE DU LAC;;POINTE DU LAC;2.36721086641;48.8611688655;2.3681082907;48.8574200375
M8;CHEMIN VERT;SAINT SEBASTIEN FROISSART;BALARD;BALARD;;2.3681082907;48.8574200375;2.36721086641;48.8611688655
M8;CHEMIN VERT;BASTILLE;POINTE DU LAC;;POINTE DU LAC;2.3681082907;48.8574200375;2.36932058493;48.8524794228
M8;BASTILLE;CHEMIN VERT;BALARD;BALARD;;2.36932058493;48.8524794228;2.3681082907;48.8574200375
M8;BASTILLE;LEDRU ROLLIN;POINTE DU LAC;;POINTE DU LAC;2.36932058493;48.8524794228;2.37611877334;48.8512711264
M8;LEDRU ROLLIN;BASTILLE;BALARD;BALARD;;2.37611877334;48.8512711264;2.36932058493;48.8524794228
M8;LEDRU ROLLIN;FAIDHERBE CHALIGNY;POINTE DU LAC;;POINTE DU LAC;2.37611877334;48.8512711264;2.38409221007;48.8501778619
M8;FAIDHERBE CHALIGNY;LEDRU ROLLIN;BALARD;BALARD;;2.38409221007;48.8501778619;2.37611877334;48.8512711264
M8;FAIDHERBE CHALIGNY;REUILLY DIDEROT;POINTE DU LAC;;POINTE DU LAC;2.38409221007;48.8501778619;2.38634170635;48.8473037861
M8;REUILLY DIDEROT;FAIDHERBE CHALIGNY;BALARD;BALARD;;2.38634170635;48.8473037861;2.38409221007;48.8501778619
M8;REUILLY DIDEROT;MONTGALLET;POINTE DU LAC;;POINTE DU LAC;2.38634170635;48.8473037861;2.39007511282;48.8444086721
M8;MONTGALLET;REUILLY DIDEROT;BALARD;BALARD;;2.39007511282;48.8444086721;2.38634170635;48.8473037861
M8;MONTGALLET;DAUMESNIL;POINTE DU LAC;;POINTE DU LAC;2.39007511282;48.8444086721;2.39618288645;48.8394454284
M8;DAUMESNIL;MONTGALLET;BALARD;BALARD;;2.39618288645;48.8394454284;2.39007511282;48.8444086721
M8;DAUMESNIL;MICHEL BIZOT;POINTE DU LAC;;POINTE DU LAC;2.39618288645;48.8394454284;2.40233316592;48.837117007
M8;MICHEL BIZOT;DAUMESNIL;BALARD;BALARD;;2.40233316592;48.837117007;2.39618288645;48.8394454284
M8;MICHEL BIZOT;PORTE DOREE;POINTE DU LAC;;POINTE DU LAC;2.40233316592;48.837117007;2.40538321063;48.8347851581
M8;PORTE DOREE;MICHEL BIZOT;BALARD;BALARD;;2.40538321063;48.8347851581;2.40233316592;48.837117007
M8;PORTE DOREE;PORTE DE CHARENTON;POINTE DU LAC;;POINTE DU LAC;2.40538321063;48.8347851581;2.40144805422;48.8331629295
M8;PORTE DE CHARENTON;PORTE DOREE;BALARD;BALARD;;2.40144805422;48.8331629295;2.40538321063;48.8347851581
M8;PORTE DE CHARENTON;LIBERTE;POINTE DU LAC;;POINTE DU LAC;2.40144805422;48.8331629295;2.40674222593;48.8260549965
M8;LIBERTE;PORTE DE CHARENTON;BALARD;BALARD;;2.40674222593;48.8260549965;2.40144805422;48.8331629295
M8;LIBERTE;CHARENTON ECOLES;POINTE DU LAC;;POINTE DU LAC;2.40674222593;48.8260549965;2.41373751752;48.8215957673
M8;CHARENTON ECOLES;LIBERTE;BALARD;BALARD;;2.41373751752;48.8215957673;2.40674222593;48.8260549965
M8;CHARENTON ECOLES;ECOLE VETERINAIRE DE MAISONS ALFORT;POINTE DU LAC;;POINTE DU LAC;2.41373751752;48.8215957673;2.42237614285;48.814803007
M8;ECOLE VETERINAIRE DE MAISONS ALFORT;CHARENTON ECOLES;BALARD;BALARD;;2.42237614285;48.814803007;2.41373751752;48.8215957673
M8;ECOLE VETERINAIRE DE MAISONS ALFORT;MAISONS ALFORT STADE;POINTE DU LAC;;POINTE DU LAC;2.42237614285;48.814803007;2.43450989593;48.8091443609
M8;MAISONS ALFORT STADE;ECOLE VETERINAIRE DE MAISONS ALFORT;BALARD;BALARD;;2.43450989593;48.8091443609;2.42237614285;48.814803007
M8;MAISONS ALFORT STADE;MAISONS ALFORT LES JUILLIOTTES;POINTE DU LAC;;POINTE DU LAC;2.43450989593;48.8091443609;2.44692748424;48.8026376907
M8;MAISONS ALFORT LES JUILLIOTTES;MAISONS ALFORT STADE;BALARD;BALARD;;2.44692748424;48.8026376907;2.43450989593;48.8091443609
M8;MAISONS ALFORT LES JUILLIOTTES;CRETEIL L'ECHAT;POINTE DU LAC;;POINTE DU LAC;2.44692748424;48.8026376907;2.44943317569;48.7967407666
M8;CRETEIL L'ECHAT;MAISONS ALFORT LES JUILLIOTTES;BALARD;BALARD;;2.44943317569;48.7967407666;2.44692748424;48.8026376907
M8;CRETEIL L'ECHAT;CRETEIL UNIVERSITE;POINTE DU LAC;;POINTE DU LAC;2.44943317569;48.7967407666;2.45045317792;48.7899783103
M8;CRETEIL UNIVERSITE;CRETEIL L'ECHAT;BALARD;BALARD;;2.45045317792;48.7899783103;2.44943317569;48.7967407666
M8;CRETEIL UNIVERSITE;CRETEIL PREFECTURE;POINTE DU LAC;;POINTE DU LAC;2.45045317792;48.7899783103;2.45936839626;48.779905317
M8;CRETEIL PREFECTURE;CRETEIL UNIVERSITE;BALARD;BALARD;;2.45936839626;48.779905317;2.45045317792;48.7899783103
M8;CRETEIL PREFECTURE;POINTE DU LAC;POINTE DU LAC;;POINTE DU LAC;2.45936839626;48.779905317;2.46456499321;48.7687151253
M8;POINTE DU LAC;CRETEIL PREFECTURE;BALARD;BALARD;;2.46456499321;48.7687151253;2.45936839626;48.779905317
M9;PONT DE SEVRES;BILLANCOURT;MAIRIE DE MONTREUIL;;MAIRIE DE MONTREUIL;2.23079959132;48.8296748438;2.23863934858;48.8321105601
M9;BILLANCOURT;PONT DE SEVRES;PONT DE SEVRES;PONT DE SEVRES;;2.23863934858;48.8321105601;2.23079959132;48.8296748438
M9;BILLANCOURT;MARCEL SEMBAT;MAIRIE DE MONTREUIL;;MAIRIE DE MONTREUIL;2.23863934858;48.8321105601;2.24384059238;48.8337088491
M9;MARCEL SEMBAT;BILLANCOURT;PONT DE SEVRES;PONT DE SEVRES;;2.24384059238;48.8337088491;2.23863934858;48.8321105601
M9;MARCEL SEMBAT;PORTE DE ST CLOUD;MAIRIE DE MONTREUIL;;MAIRIE DE MONTREUIL;2.24384059238;48.8337088491;2.25712222985;48.8379612135
M9;PORTE DE ST CLOUD;MARCEL SEMBAT;PONT DE SEVRES;PONT DE SEVRES;;2.25712222985;48.8379612135;2.24384059238;48.8337088491
M9;PORTE DE ST CLOUD;EXELMANS;MAIRIE DE MONTREUIL;;MAIRIE DE MONTREUIL;2.25712222985;48.8379612135;2.26003290221;48.8429386959
M9;EXELMANS;PORTE DE ST CLOUD;PONT DE SEVRES;PONT DE SEVRES;;2.26003290221;48.8429386959;2.25712222985;48.8379612135
M9;EXELMANS;MICHEL ANGE MOLITOR;MAIRIE DE MONTREUIL;;MAIRIE DE MONTREUIL;2.26003290221;48.8429386959;2.2616234924;48.8452475655
M9;MICHEL ANGE MOLITOR;EXELMANS;PONT DE SEVRES;PONT DE SEVRES;;2.2616234924;48.8452475655;2.26003290221;48.8429386959
M9;MICHEL ANGE MOLITOR;MICHEL ANGE AUTEUIL;MAIRIE DE MONTREUIL;;MAIRIE DE MONTREUIL;2.2616234924;48.8452475655;2.26421877705;48.8479348079
M9;MICHEL ANGE AUTEUIL;MICHEL ANGE MOLITOR;PONT DE SEVRES;PONT DE SEVRES;;2.26421877705;48.8479348079;2.2616234924;48.8452475655
M9;MICHEL ANGE AUTEUIL;JASMIN;MAIRIE DE MONTREUIL;;MAIRIE DE MONTREUIL;2.26421877705;48.8479348079;2.26817674944;48.8525040906
M9;JASMIN;MICHEL ANGE AUTEUIL;PONT DE SEVRES;PONT DE SEVRES;;2.26817674944;48.8525040906;2.26421877705;48.8479348079
M9;JASMIN;RANELAGH;MAIRIE DE MONTREUIL;;MAIRIE DE MONTREUIL;2.26817674944;48.8525040906;2.27010913894;48.8554850504
M9;RANELAGH;JASMIN;PONT DE SEVRES;PONT DE SEVRES;;2.27010913894;48.8554850504;2.26817674944;48.8525040906
M9;RANELAGH;LA MUETTE;MAIRIE DE MONTREUIL;;MAIRIE DE MONTREUIL;2.27010913894;48.8554850504;2.27415463109;48.8580460563
M9;LA MUETTE;RANELAGH;PONT DE SEVRES;PONT DE SEVRES;;2.27415463109;48.8580460563;2.27010913894;48.8554850504
M9;LA MUETTE;RUE DE LA POMPE;MAIRIE DE MONTREUIL;;MAIRIE DE MONTREUIL;2.27415463109;48.8580460563;2.27811255845;48.8639744458
M9;RUE DE LA POMPE;LA MUETTE;PONT DE SEVRES;PONT DE SEVRES;;2.27811255845;48.8639744458;2.27415463109;48.8580460563
M9;RUE DE LA POMPE;TROCADERO;MAIRIE DE MONTREUIL;;MAIRIE DE MONTREUIL;2.27811255845;48.8639744458;2.28624317069;48.8630650202
M9;TROCADERO;RUE DE LA POMPE;PONT DE SEVRES;PONT DE SEVRES;;2.28624317069;48.8630650202;2.27811255845;48.8639744458
M9;TROCADERO;IENA;MAIRIE DE MONTREUIL;;MAIRIE DE MONTREUIL;2.28624317069;48.8630650202;2.29416201811;48.8647940658
M9;IENA;TROCADERO;PONT DE SEVRES;PONT DE SEVRES;;2.29416201811;48.8647940658;2.28624317069;48.8630650202
M9;IENA;ALMA MARCEAU;MAIRIE DE MONTREUIL;;MAIRIE DE MONTREUIL;2.29416201811;48.8647940658;2.3009910035;48.864766845
M9;ALMA MARCEAU;IENA;PONT DE SEVRES;PONT DE SEVRES;;2.3009910035;48.864766845;2.29416201811;48.8647940658
M9;ALMA MARCEAU;FRANKLIN ROOSEVELT;MAIRIE DE MONTREUIL;;MAIRIE DE MONTREUIL;2.3009910035;48.864766845;2.30747079345;48.8698082202
M9;FRANKLIN ROOSEVELT;ALMA MARCEAU;PONT DE SEVRES;PONT DE SEVRES;;2.30747079345;48.8698082202;2.3009910035;48.864766845
M9;FRANKLIN ROOSEVELT;SAINT PHILIPPE DU ROULE;MAIRIE DE MONTREUIL;;MAIRIE DE MONTREUIL;2.30747079345;48.8698082202;2.31003834462;48.8724223837
M9;SAINT PHILIPPE DU ROULE;FRANKLIN ROOSEVELT;PONT DE SEVRES;PONT DE SEVRES;;2.31003834462;48.8724223837;2.30747079345;48.8698082202
M9;SAINT PHILIPPE DU ROULE;MIROMESNIL;MAIRIE DE MONTREUIL;;MAIRIE DE MONTREUIL;2.31003834462;48.8724223837;2.31460632162;48.8737095277
M9;MIROMESNIL;SAINT PHILIPPE DU ROULE;PONT DE SEVRES;PONT DE SEVRES;;2.31460632162;48.8737095277;2.31003834462;48.8724223837
M9;MIROMESNIL;SAINT AUGUSTIN;MAIRIE DE MONTREUIL;;MAIRIE DE MONTREUIL;2.31460632162;48.8737095277;2.3213619281;48.8745583847
M9;SAINT AUGUSTIN;MIROMESNIL;PONT DE SEVRES;PONT DE SEVRES;;2.3213619281;48.8745583847;2.31460632162;48.8737095277
M9;SAINT AUGUSTIN;HAVRE CAUMARTIN;MAIRIE DE MONTREUIL;;MAIRIE DE MONTREUIL;2.3213619281;48.8745583847;2.32769540963;48.8737134067
M9;HAVRE CAUMARTIN;SAINT AUGUSTIN;PONT DE SEVRES;PONT DE SEVRES;;2.32769540963;48.8737134067;2.3213619281;48.8745583847
M9;HAVRE CAUMARTIN;CHAUSSEE D'ANTIN LA FAYETTE;MAIRIE DE MONTREUIL;;MAIRIE DE MONTREUIL;2.32769540963;48.8737134067;2.33345121858;48.8731092743
M9;CHAUSSEE D'ANTIN LA FAYETTE;HAVRE CAUMARTIN;PONT DE SEVRES;PONT DE SEVRES;;2.33345121858;48.8731092743;2.32769540963;48.8737134067
M9;CHAUSSEE D'ANTIN LA FAYETTE;RICHELIEU DROUOT;MAIRIE DE MONTREUIL;;MAIRIE DE MONTREUIL;2.33345121858;48.8731092743;2.33903054672;48.8717866021
M9;RICHELIEU DROUOT;CHAUSSEE D'ANTIN LA FAYETTE;PONT DE SEVRES;PONT DE SEVRES;;2.33903054672;48.8717866021;2.33345121858;48.8731092743
M9;RICHELIEU DROUOT;GRANDS BOULEVARDS;MAIRIE DE MONTREUIL;;MAIRIE DE MONTREUIL;2.33903054672;48.8717866021;2.34315477308;48.8714977394
M9;GRANDS BOULEVARDS;RICHELIEU DROUOT;PONT DE SEVRES;PONT DE SEVRES;;2.34315477308;48.8714977394;2.33903054672;48.8717866021
M9;GRANDS BOULEVARDS;BONNE NOUVELLE;MAIRIE DE MONTREUIL;;MAIRIE DE MONTREUIL;2.34315477308;48.8714977394;2.35049797186;48.8701642009
M9;BONNE NOUVELLE;GRANDS BOULEVARDS;PONT DE SEVRES;PONT DE SEVRES;;2.35049797186;48.8701642009;2.34315477308;48.8714977394
M9;BONNE NOUVELLE;STRASBOURG SAINT DENIS;MAIRIE DE MONTREUIL;;MAIRIE DE MONTREUIL;2.35049797186;48.8701642009;2.3546037907;48.8692241717
M9;STRASBOURG SAINT DENIS;BONNE NOUVELLE;PONT DE SEVRES;PONT DE SEVRES;;2.3546037907;48.8692241717;2.35049797186;48.8701642009
M9;STRASBOURG SAINT DENIS;REPUBLIQUE;MAIRIE DE MONTREUIL;;MAIRIE DE MONTREUIL;2.3546037907;48.8692241717;2.36424799375;48.8670267876
M9;REPUBLIQUE;STRASBOURG SAINT DENIS;PONT DE SEVRES;PONT DE SEVRES;;2.36424799375;48.8670267876;2.3546037907;48.8692241717
M9;REPUBLIQUE;OBERKAMPF;MAIRIE DE MONTREUIL;;MAIRIE DE MONTREUIL;2.36424799375;48.8670267876;2.36841002566;48.8646578796
M9;OBERKAMPF;REPUBLIQUE;PONT DE SEVRES;PONT DE SEVRES;;2.36841002566;48.8646578796;2.36424799375;48.8670267876
M9;OBERKAMPF;SAINT AMBROISE;MAIRIE DE MONTREUIL;;MAIRIE DE MONTREUIL;2.36841002566;48.8646578796;2.37473343128;48.8610192599
M9;SAINT AMBROISE;OBERKAMPF;PONT DE SEVRES;PONT DE SEVRES;;2.37473343128;48.8610192599;2.36841002566;48.8646578796
M9;SAINT AMBROISE;VOLTAIRE;MAIRIE DE MONTREUIL;;MAIRIE DE MONTREUIL;2.37473343128;48.8610192599;2.38071878586;48.8574537227
M9;VOLTAIRE;SAINT AMBROISE;PONT DE SEVRES;PONT DE SEVRES;;2.38071878586;48.8574537227;2.37473343128;48.8610192599
M9;VOLTAIRE;CHARONNE;MAIRIE DE MONTREUIL;;MAIRIE DE MONTREUIL;2.38071878586;48.8574537227;2.38556348082;48.8545804991
M9;CHARONNE;VOLTAIRE;PONT DE SEVRES;PONT DE SEVRES;;2.38556348082;48.8545804991;2.38071878586;48.8574537227
M9;CHARONNE;RUE DES BOULETS;MAIRIE DE MONTREUIL;;MAIRIE DE MONTREUIL;2.38556348082;48.8545804991;2.38937812792;48.8523154274
M9;RUE DES BOULETS;CHARONNE;PONT DE SEVRES;PONT DE SEVRES;;2.38937812792;48.8523154274;2.38556348082;48.8545804991
M9;RUE DES BOULETS;NATION;MAIRIE DE MONTREUIL;;MAIRIE DE MONTREUIL;2.38937812792;48.8523154274;2.39546199483;48.8473748787
M9;NATION;RUE DES BOULETS;PONT DE SEVRES;PONT DE SEVRES;;2.39546199483;48.8473748787;2.38937812792;48.8523154274
M9;NATION;BUZENVAL;MAIRIE DE MONTREUIL;;MAIRIE DE MONTREUIL;2.39546199483;48.8473748787;2.40102227052;48.851812133
M9;BUZENVAL;NATION;PONT DE SEVRES;PONT DE SEVRES;;2.40102227052;48.851812133;2.39546199483;48.8473748787
M9;BUZENVAL;MARAICHERS;MAIRIE DE MONTREUIL;;MAIRIE DE MONTREUIL;2.40102227052;48.851812133;2.40608916188;48.8527251193
M9;MARAICHERS;BUZENVAL;PONT DE SEVRES;PONT DE SEVRES;;2.40608916188;48.8527251193;2.40102227052;48.851812133
M9;MARAICHERS;PORTE DE MONTREUIL;MAIRIE DE MONTREUIL;;MAIRIE DE MONTREUIL;2.40608916188;48.8527251193;2.41062642574;48.8535439161
M9;PORTE DE MONTREUIL;MARAICHERS;PONT DE SEVRES;PONT DE SEVRES;;2.41062642574;48.8535439161;2.40608916188;48.8527251193
M9;PORTE DE MONTREUIL;ROBESPIERRE;MAIRIE DE MONTREUIL;;MAIRIE DE MONTREUIL;2.41062642574;48.8535439161;2.42298321615;48.8557264286
M9;ROBESPIERRE;PORTE DE MONTREUIL;PONT DE SEVRES;PONT DE SEVRES;;2.42298321615;48.8557264286;2.41062642574;48.8535439161
M9;ROBESPIERRE;CROIX DE CHAVAUX;MAIRIE DE MONTREUIL;;MAIRIE DE MONTREUIL;2.42298321615;48.8557264286;2.43555571569;48.8579655912
M9;CROIX DE CHAVAUX;ROBESPIERRE;PONT DE SEVRES;PONT DE SEVRES;;2.43555571569;48.8579655912;2.42298321615;48.8557264286
M9;CROIX DE CHAVAUX;MAIRIE DE MONTREUIL;MAIRIE DE MONTREUIL;;MAIRIE DE MONTREUIL;2.43555571569;48.8579655912;2.44131094125;48.8619369141
M9;MAIRIE DE MONTREUIL;CROIX DE CHAVAUX;PONT DE SEVRES;PONT DE SEVRES;;2.44131094125;48.8619369141;2.43555571569;48.8579655912